/*
Navicat MySQL Data Transfer

Source Server         : localhost
Source Server Version : 50719
Source Host           : 127.0.0.1:3306
Source Database       : hawkeye

Target Server Type    : MYSQL
Target Server Version : 50719
File Encoding         : 65001

Date: 2018-11-15 11:45:57
*/

SET FOREIGN_KEY_CHECKS=0;

-- ----------------------------
-- Table structure for he_file
-- ----------------------------
DROP TABLE IF EXISTS `he_file`;
CREATE TABLE `he_file` (
  `FileId` varchar(36) NOT NULL COMMENT '文件id',
  `FileName` varchar(255) DEFAULT NULL COMMENT '文件名称',
  `FileProjectId` varchar(36) DEFAULT NULL COMMENT '文件所属项目id',
  `FileFolderId` varchar(36) DEFAULT NULL COMMENT '文件所属文件夹id',
  `FileGreatTime` datetime DEFAULT NULL COMMENT '文件上传时间',
  `FileAddress` varchar(255) DEFAULT NULL COMMENT '文件下载地址',
  PRIMARY KEY (`FileId`)
) ENGINE=InnoDB DEFAULT CHARSET=utf8;

-- ----------------------------
-- Records of he_file
-- ----------------------------
INSERT INTO `he_file` VALUES ('04B60B94-8ED9-4F9C-33DF-EA0046B25568', '登录-手机号.jpg', '3822BEBE-A34A-121A-5266-134769FDE812', '11E4454C-8C1F-0F8D-5F54-834BB9B1A6D2', '2018-10-26 10:17:50', 'http://php2.com:200/./file/登录-手机号.jpg');
INSERT INTO `he_file` VALUES ('07769EB2-8BE5-F4EE-5341-0718C04F04F5', '论文范例2.doc', '867BBC5F-CD46-0C81-691E-7B775F012E5A', '', '2018-10-26 12:40:10', 'http://php2.com:200/./file/论文范例2.doc');
INSERT INTO `he_file` VALUES ('13E2C701-1C5B-F780-841A-DFB21B3A2764', '毕业设计展示.pptx', '867BBC5F-CD46-0C81-691E-7B775F012E5A', '', '2018-10-24 20:46:13', 'http://php2.com:200/./file/毕业设计展示.pptx');
INSERT INTO `he_file` VALUES ('16D12933-4A7D-E46E-26FE-83B721CAEDB6', 'indexbg.png', '5474426B-7665-91D4-4B41-06C9B17FED44', '', '2018-10-29 10:24:23', 'http://php2.com:200/./file/indexbg.png');
INSERT INTO `he_file` VALUES ('2790A31F-38AB-1B51-5A57-EC5D8C320F46', '销售商业计划书.doc', '867BBC5F-CD46-0C81-691E-7B775F012E5A', '', '2018-10-24 17:11:03', 'http://php2.com:200/./file/销售商业计划书.doc');
INSERT INTO `he_file` VALUES ('7571496E-3907-946A-FD95-1D607967337E', '充电仓入耳耳机（泰语）.docx', '867BBC5F-CD46-0C81-691E-7B775F012E5A', '', '2018-11-09 09:30:04', 'http://php2.com:200/./file/充电仓入耳耳机（泰语）.docx');
INSERT INTO `he_file` VALUES ('75A50CB6-A75F-81AD-5A49-16B5AC23EB08', '14互联网1、2、3班.xlsx', '867BBC5F-CD46-0C81-691E-7B775F012E5A', '14A7E3AC-533B-5B69-164B-F16B9DB18C78', '2018-10-24 19:16:31', 'http://php2.com:200/./file/14互联网1、2、3班.xlsx');
INSERT INTO `he_file` VALUES ('77307EA6-A410-3948-F5C1-A4F4B67D6C63', '2.png', '867BBC5F-CD46-0C81-691E-7B775F012E5A', '14A7E3AC-533B-5B69-164B-F16B9DB18C78', '2018-10-26 11:30:16', 'http://php2.com:200/./file/2.png');
INSERT INTO `he_file` VALUES ('78A293BC-3C07-F09B-EFEB-66A6A6FEDDFA', '123.jpg', '867BBC5F-CD46-0C81-691E-7B775F012E5A', '', '2018-10-25 08:54:25', 'http://php2.com:200/./file/123.jpg');
INSERT INTO `he_file` VALUES ('84C94563-5715-1502-DD70-18BD47013EBB', '忘记密码-邮箱登录.jpg', '3822BEBE-A34A-121A-5266-134769FDE812', '11E4454C-8C1F-0F8D-5F54-834BB9B1A6D2', '2018-10-26 10:17:55', 'http://php2.com:200/./file/忘记密码-邮箱登录.jpg');
INSERT INTO `he_file` VALUES ('928BAA83-4935-265B-CCE7-8A297B3274A0', '自我介绍.txt', '867BBC5F-CD46-0C81-691E-7B775F012E5A', '', '2018-10-24 11:26:38', 'http://php2.com:200/file/自我介绍.txt');
INSERT INTO `he_file` VALUES ('97ACA60A-39AD-A23E-EAEA-E0E8E1C0B6F0', '5.psd', '867BBC5F-CD46-0C81-691E-7B775F012E5A', '', '2018-10-24 20:34:12', 'http://php2.com:200/./file/5.psd');
INSERT INTO `he_file` VALUES ('A8FF264F-BB30-4DB5-8EBC-288ED9C9D1A7', '“鹰眼”任务管理系统.png', 'F98F1743-56EE-1BFD-FF46-A9F1C6A7127E', '7D36BA18-4DFD-C575-9517-E012882386AE', '2018-10-30 15:48:02', 'http://php2.com:200/./file/“鹰眼”任务管理系统.png');
INSERT INTO `he_file` VALUES ('AD4A9584-61C2-8CBD-F219-5F87B9A9D68A', '设计规范-1.png', '3822BEBE-A34A-121A-5266-134769FDE812', '', '2018-10-26 10:14:21', 'http://php2.com:200/./file/设计规范-1.png');
INSERT INTO `he_file` VALUES ('D72578E1-644D-738A-53A2-7326DD7C76D2', '毕业论文（廖志伟）.doc', 'F98F1743-56EE-1BFD-FF46-A9F1C6A7127E', '', '2018-10-30 15:47:49', 'http://php2.com:200/./file/毕业论文（廖志伟）.doc');
INSERT INTO `he_file` VALUES ('DA7381F4-7529-F495-9F97-BFA739650552', 'logo.png', '3822BEBE-A34A-121A-5266-134769FDE812', '11E4454C-8C1F-0F8D-5F54-834BB9B1A6D2', '2018-10-26 10:17:02', 'http://php2.com:200/./file/logo.png');
INSERT INTO `he_file` VALUES ('DBDB80F2-F39D-0C78-28C8-0C6CE3AF30D9', '开题报告.doc', '867BBC5F-CD46-0C81-691E-7B775F012E5A', '14A7E3AC-533B-5B69-164B-F16B9DB18C78', '2018-10-26 11:29:51', 'http://php2.com:200/./file/开题报告.doc');
INSERT INTO `he_file` VALUES ('DDD06340-FAF6-DEBA-8CE2-D61AC74E0C55', '论文范例3.doc', '867BBC5F-CD46-0C81-691E-7B775F012E5A', '', '2018-10-26 11:28:59', 'http://php2.com:200/./file/论文范例3.doc');
INSERT INTO `he_file` VALUES ('E5873C89-37A1-D1EB-94B9-755F12ADF957', '论文范例3.doc', '867BBC5F-CD46-0C81-691E-7B775F012E5A', '', '2018-10-26 12:41:33', 'http://php2.com:200/./file/论文范例3.doc');
INSERT INTO `he_file` VALUES ('E72D6987-7BF1-B056-70F1-7564836A076C', '设计注释网址.txt', '3822BEBE-A34A-121A-5266-134769FDE812', '11E4454C-8C1F-0F8D-5F54-834BB9B1A6D2', '2018-10-26 10:18:00', 'http://php2.com:200/./file/设计注释网址.txt');

-- ----------------------------
-- Table structure for he_folder
-- ----------------------------
DROP TABLE IF EXISTS `he_folder`;
CREATE TABLE `he_folder` (
  `FolderId` varchar(36) NOT NULL COMMENT '文件夹id',
  `FolderName` varchar(255) DEFAULT NULL COMMENT '文件夹名称',
  `FolderProjectId` varchar(36) DEFAULT NULL COMMENT '文件夹所属项目id',
  `FolderGreatTime` date DEFAULT NULL COMMENT '文件夹创建时间',
  PRIMARY KEY (`FolderId`)
) ENGINE=InnoDB DEFAULT CHARSET=utf8;

-- ----------------------------
-- Records of he_folder
-- ----------------------------
INSERT INTO `he_folder` VALUES ('027E6D09-D08B-74B8-5480-78784563A79B', '321', '867BBC5F-CD46-0C81-691E-7B775F012E5A', '2018-11-01');
INSERT INTO `he_folder` VALUES ('11E4454C-8C1F-0F8D-5F54-834BB9B1A6D2', '设计图', '3822BEBE-A34A-121A-5266-134769FDE812', '2018-10-26');
INSERT INTO `he_folder` VALUES ('14A7E3AC-533B-5B69-164B-F16B9DB18C78', '文件夹2', '867BBC5F-CD46-0C81-691E-7B775F012E5A', '2018-09-27');
INSERT INTO `he_folder` VALUES ('1BF8C243-BF71-509C-D513-6E99547B2D9E', '123', '5474426B-7665-91D4-4B41-06C9B17FED44', '2018-10-29');
INSERT INTO `he_folder` VALUES ('7D36BA18-4DFD-C575-9517-E012882386AE', '我是文件夹', 'F98F1743-56EE-1BFD-FF46-A9F1C6A7127E', '2018-10-30');
INSERT INTO `he_folder` VALUES ('96514818-5BF5-E20F-E447-72325A3E584C', 'lzw', '867BBC5F-CD46-0C81-691E-7B775F012E5A', '2018-10-10');
INSERT INTO `he_folder` VALUES ('9B495660-F9BC-3BBB-F618-6EE78BA41910', '23131231', '867BBC5F-CD46-0C81-691E-7B775F012E5A', '2018-10-10');
INSERT INTO `he_folder` VALUES ('E80A954B-5019-5A29-A837-C193D84702CF', '文件夹1', '867BBC5F-CD46-0C81-691E-7B775F012E5A', '2018-09-27');

-- ----------------------------
-- Table structure for he_notice
-- ----------------------------
DROP TABLE IF EXISTS `he_notice`;
CREATE TABLE `he_notice` (
  `NoticeId` varchar(36) NOT NULL COMMENT '通知信息id',
  `NoticationContent` varchar(255) DEFAULT NULL COMMENT '通知内容',
  `NoticationTime` datetime DEFAULT NULL ON UPDATE CURRENT_TIMESTAMP COMMENT '通知时间',
  `SendUserId` varchar(36) DEFAULT NULL COMMENT '发送人id',
  `SendUserHead` varchar(255) DEFAULT NULL COMMENT '发送人用户头像',
  `ReceiveUserId` varchar(36) DEFAULT NULL COMMENT '接收用户id',
  `ProjectId` varchar(36) DEFAULT '' COMMENT '项目id',
  `TaskId` varchar(36) DEFAULT NULL COMMENT '任务id',
  `TeamId` varchar(36) DEFAULT NULL COMMENT '发送通知用户所属的团队id',
  `IsRead` int(10) DEFAULT NULL COMMENT '是否阅读通知 0 未读 1已读',
  PRIMARY KEY (`NoticeId`)
) ENGINE=InnoDB DEFAULT CHARSET=utf8;

-- ----------------------------
-- Records of he_notice
-- ----------------------------
INSERT INTO `he_notice` VALUES ('00767AA0-7B42-3060-B777-A7EC979E4E5F', '创建了一个任务', '2018-10-22 19:58:21', 'C4BEF830-47FD-AD69-E131-5440B81199A2', 'http://php2.com:200/img/default_head.png', 'C4BEF830-47FD-AD69-E131-5440B81199A2', '867BBC5F-CD46-0C81-691E-7B775F012E5A', 'A7146512-8D4D-7AE0-B893-1B6B563F5797', 'ADD58453-6F72-DEE0-8FA6-43AEDBFBD8B6', '1');
INSERT INTO `he_notice` VALUES ('02C608D5-8E0F-665D-0E27-1791C1449D44', '将你移出项目', '2018-10-15 19:31:40', 'C4BEF830-47FD-AD69-E131-5440B81199A2', 'http://php2.com:200/img/default_head.png', '9C4A7A72-FF80-06DC-C80E-C690B45C1DEB', 'A315C9B8-4DF0-31BE-43CA-093AE37B44EA', '', 'ADD58453-6F72-DEE0-8FA6-43AEDBFBD8B6', '0');
INSERT INTO `he_notice` VALUES ('03901546-6640-A90E-BF68-CE48A6AE0CA9', '创建了一个任务', '2018-10-22 14:31:04', 'C4BEF830-47FD-AD69-E131-5440B81199A2', 'http://php2.com:200/img/default_head.png', '9C4A7A72-FF80-06DC-C80E-C690B45C1DEB', '867BBC5F-CD46-0C81-691E-7B775F012E5A', '93CB6172-3FD4-A560-61EB-80BB74028D0A', 'ADD58453-6F72-DEE0-8FA6-43AEDBFBD8B6', '0');
INSERT INTO `he_notice` VALUES ('0C0D1090-6C8B-622C-F959-FEF72520D09C', '创建了一个任务', '2018-10-22 14:32:10', 'C4BEF830-47FD-AD69-E131-5440B81199A2', 'http://php2.com:200/img/default_head.png', '1589E0EF-F963-F2B2-4640-F0343A62C0C0', '5474426B-7665-91D4-4B41-06C9B17FED44', '7E1180FD-ED9F-156E-3281-E81958021BA0', 'ADD58453-6F72-DEE0-8FA6-43AEDBFBD8B6', '0');
INSERT INTO `he_notice` VALUES ('0E306A5F-D405-912F-B872-027DEBCC5A66', '创建了一个任务', '2018-10-23 10:26:40', 'C4BEF830-47FD-AD69-E131-5440B81199A2', 'http://php2.com:200/img/default_head.png', '650F708A-7C35-AF46-52C4-2C2A819861F2', '867BBC5F-CD46-0C81-691E-7B775F012E5A', '7ED71DCC-DCBA-9ABA-5724-7ECB265C953E', 'ADD58453-6F72-DEE0-8FA6-43AEDBFBD8B6', '1');
INSERT INTO `he_notice` VALUES ('10489C84-E022-6A5E-E545-B7EB71FAD81A', '邀请你加入项目', '2018-10-30 15:47:27', 'CC79CB62-A1EC-745E-5896-99B41C4CD658', 'http://php2.com:200/img/default_head.png', '650F708A-7C35-AF46-52C4-2C2A819861F2', 'F98F1743-56EE-1BFD-FF46-A9F1C6A7127E', '', 'ADD58453-6F72-DEE0-8FA6-43AEDBFBD8B6', '0');
INSERT INTO `he_notice` VALUES ('12876FD6-0409-715D-8690-44A76918BD1D', '创建了一个任务', '2018-11-01 16:35:21', 'C4BEF830-47FD-AD69-E131-5440B81199A2', 'http://php2.com:200/img/userhead/456.jpg', 'C4BEF830-47FD-AD69-E131-5440B81199A2', '867BBC5F-CD46-0C81-691E-7B775F012E5A', '70F29C24-728B-B04C-5C11-0C5952224946', 'ADD58453-6F72-DEE0-8FA6-43AEDBFBD8B6', '1');
INSERT INTO `he_notice` VALUES ('15BE14D2-3B89-0D8E-B5FF-7910564DAF03', '创建了一个任务', '2018-10-22 14:31:31', 'C4BEF830-47FD-AD69-E131-5440B81199A2', 'http://php2.com:200/img/default_head.png', '1589E0EF-F963-F2B2-4640-F0343A62C0C0', 'A315C9B8-4DF0-31BE-43CA-093AE37B44EA', 'F4F4F7D8-444E-8B13-BB7A-2BCFAD9D56C9', 'ADD58453-6F72-DEE0-8FA6-43AEDBFBD8B6', '0');
INSERT INTO `he_notice` VALUES ('1B35D628-EF49-E046-42A0-548D67ACC43D', '创建了一个任务', '2018-11-01 11:23:34', 'C4BEF830-47FD-AD69-E131-5440B81199A2', 'http://php2.com:200/img/userhead/456.jpg', 'C4BEF830-47FD-AD69-E131-5440B81199A2', '867BBC5F-CD46-0C81-691E-7B775F012E5A', 'FD8188C6-7BF4-E178-A3A1-5421696A47B5', 'ADD58453-6F72-DEE0-8FA6-43AEDBFBD8B6', '1');
INSERT INTO `he_notice` VALUES ('1E3343F0-EE6F-369C-D670-1A6525B83F31', '创建了一个任务', '2018-10-22 20:08:34', 'C4BEF830-47FD-AD69-E131-5440B81199A2', 'http://php2.com:200/img/default_head.png', 'C4BEF830-47FD-AD69-E131-5440B81199A2', '5474426B-7665-91D4-4B41-06C9B17FED44', 'BF45FB33-B1BA-2E2F-93C0-B12544CC0ADD', 'ADD58453-6F72-DEE0-8FA6-43AEDBFBD8B6', '1');
INSERT INTO `he_notice` VALUES ('1E4BB847-DC15-0DE3-D391-92E467CCCB9E', '创建了一个任务', '2018-10-22 14:30:43', 'C4BEF830-47FD-AD69-E131-5440B81199A2', 'http://php2.com:200/img/default_head.png', '791DD9ED-E760-68F4-66CB-D6ADE5BC80D7', '867BBC5F-CD46-0C81-691E-7B775F012E5A', 'BD2F0AEF-4E26-15B2-2366-CCA95E4B7CD9', 'ADD58453-6F72-DEE0-8FA6-43AEDBFBD8B6', '0');
INSERT INTO `he_notice` VALUES ('1E566589-8A97-5ED9-42AF-855BFA1A26D8', '创建了一个任务', '2018-10-22 16:36:32', 'C4BEF830-47FD-AD69-E131-5440B81199A2', 'http://php2.com:200/img/default_head.png', 'C4BEF830-47FD-AD69-E131-5440B81199A2', '867BBC5F-CD46-0C81-691E-7B775F012E5A', 'C018628D-1F99-774F-4E7A-452E1A3BD5AA', 'ADD58453-6F72-DEE0-8FA6-43AEDBFBD8B6', '1');
INSERT INTO `he_notice` VALUES ('1E801A5B-CC06-BD2F-2787-8B3CD9915007', '邀请你加入项目', '2018-10-30 09:24:41', 'C4BEF830-47FD-AD69-E131-5440B81199A2', 'http://php2.com:200/img/userhead/头像2.jpg', '1589E0EF-F963-F2B2-4640-F0343A62C0C0', '3822BEBE-A34A-121A-5266-134769FDE812', '', 'ADD58453-6F72-DEE0-8FA6-43AEDBFBD8B6', '0');
INSERT INTO `he_notice` VALUES ('20821D5F-2E2F-485E-7BDF-56D8CBD5E11A', '删除了一个任务', '2018-10-15 16:34:26', 'C4BEF830-47FD-AD69-E131-5440B81199A2', 'http://php2.com:200/img/default_head.png', 'C4BEF830-47FD-AD69-E131-5440B81199A2', '7709F52F-A4D7-906E-4EF4-7EE50A28B389', '2480F43B-9703-7554-9D0E-6C7A5AB46413', 'ADD58453-6F72-DEE0-8FA6-43AEDBFBD8B6', '1');
INSERT INTO `he_notice` VALUES ('28567593-5354-6051-7B02-87711B9F4ED8', '创建了一个任务', '2018-11-01 11:29:43', 'C4BEF830-47FD-AD69-E131-5440B81199A2', 'http://php2.com:200/img/userhead/456.jpg', 'C4BEF830-47FD-AD69-E131-5440B81199A2', '867BBC5F-CD46-0C81-691E-7B775F012E5A', '9DC34679-DAC6-DCA6-226A-C08242F34240', 'ADD58453-6F72-DEE0-8FA6-43AEDBFBD8B6', '1');
INSERT INTO `he_notice` VALUES ('2896389B-A655-9DCB-B636-C369ABB1D491', '创建了一个任务', '2018-10-25 10:25:56', '650F708A-7C35-AF46-52C4-2C2A819861F2', 'http://php2.com:200/img/userhead/123.jpg', '650F708A-7C35-AF46-52C4-2C2A819861F2', '867BBC5F-CD46-0C81-691E-7B775F012E5A', '8D7F480C-FEDB-DE3E-17C6-7D9C984D9CF3', 'ADD58453-6F72-DEE0-8FA6-43AEDBFBD8B6', '1');
INSERT INTO `he_notice` VALUES ('28B41AF5-01F8-FE92-110C-2DACE187AFE7', '创建了一个任务', '2018-10-18 16:00:35', 'C4BEF830-47FD-AD69-E131-5440B81199A2', 'http://php2.com:200/img/default_head.png', 'C4BEF830-47FD-AD69-E131-5440B81199A2', '867BBC5F-CD46-0C81-691E-7B775F012E5A', '7AFEAA35-059D-FD6B-7D6D-BBC8F90D04FC', 'ADD58453-6F72-DEE0-8FA6-43AEDBFBD8B6', '1');
INSERT INTO `he_notice` VALUES ('2A9DC40D-4062-1EAD-C9C4-D72A679FE2E7', '创建了一个任务', '2018-10-18 15:59:20', 'C4BEF830-47FD-AD69-E131-5440B81199A2', 'http://php2.com:200/img/default_head.png', 'C4BEF830-47FD-AD69-E131-5440B81199A2', '867BBC5F-CD46-0C81-691E-7B775F012E5A', 'C590B2E4-26C2-BFAE-65D3-A3C9BDD70C17', 'ADD58453-6F72-DEE0-8FA6-43AEDBFBD8B6', '1');
INSERT INTO `he_notice` VALUES ('2F34341A-D523-DDED-44C0-0025F18F4840', '邀请你加入项目', '2018-10-30 09:24:12', 'C4BEF830-47FD-AD69-E131-5440B81199A2', 'http://php2.com:200/img/userhead/头像2.jpg', '1589E0EF-F963-F2B2-4640-F0343A62C0C0', '7709F52F-A4D7-906E-4EF4-7EE50A28B389', '', 'ADD58453-6F72-DEE0-8FA6-43AEDBFBD8B6', '0');
INSERT INTO `he_notice` VALUES ('3660D216-AAAD-556C-F5C4-2394234403AC', '邀请你加入项目', '2018-10-16 19:50:26', 'C4BEF830-47FD-AD69-E131-5440B81199A2', 'http://php2.com:200/img/default_head.png', 'C4BEF830-47FD-AD69-E131-5440B81199A2', '867BBC5F-CD46-0C81-691E-7B775F012E5A', '', 'ADD58453-6F72-DEE0-8FA6-43AEDBFBD8B6', '1');
INSERT INTO `he_notice` VALUES ('3B3AE0A1-AA1D-3308-E3CB-B626E95B0F7F', '将你移出项目', '2018-10-30 09:24:28', 'C4BEF830-47FD-AD69-E131-5440B81199A2', 'http://php2.com:200/img/userhead/头像2.jpg', '9C4A7A72-FF80-06DC-C80E-C690B45C1DEB', '7709F52F-A4D7-906E-4EF4-7EE50A28B389', '', 'ADD58453-6F72-DEE0-8FA6-43AEDBFBD8B6', '0');
INSERT INTO `he_notice` VALUES ('3F370989-6978-0638-9F67-74563A58C160', '创建了一个任务', '2018-10-16 19:50:26', 'C4BEF830-47FD-AD69-E131-5440B81199A2', 'http://php2.com:200/img/default_head.png', 'C4BEF830-47FD-AD69-E131-5440B81199A2', 'A315C9B8-4DF0-31BE-43CA-093AE37B44EA', '08B2B1FD-43A1-1103-0CCB-4CD3139E26B3', 'ADD58453-6F72-DEE0-8FA6-43AEDBFBD8B6', '1');
INSERT INTO `he_notice` VALUES ('47549591-BFCD-C32A-ED44-D5C60D9CBF19', '创建了一个任务', '2018-11-01 16:37:23', 'C4BEF830-47FD-AD69-E131-5440B81199A2', 'http://php2.com:200/img/userhead/456.jpg', '650F708A-7C35-AF46-52C4-2C2A819861F2', '867BBC5F-CD46-0C81-691E-7B775F012E5A', '4C383B16-5728-98D3-494D-84CB831C5D23', 'ADD58453-6F72-DEE0-8FA6-43AEDBFBD8B6', '1');
INSERT INTO `he_notice` VALUES ('47C4784F-B8F2-00C6-CFE2-432AF4B92086', '创建了一个任务', '2018-10-22 19:56:20', 'C4BEF830-47FD-AD69-E131-5440B81199A2', 'http://php2.com:200/img/default_head.png', 'C4BEF830-47FD-AD69-E131-5440B81199A2', '867BBC5F-CD46-0C81-691E-7B775F012E5A', '238909C3-251B-470F-AC99-A65C2A62C5B9', 'ADD58453-6F72-DEE0-8FA6-43AEDBFBD8B6', '1');
INSERT INTO `he_notice` VALUES ('4DB62616-CE04-E8DC-0D30-AD07F73D1211', '创建了一个任务', '2018-10-22 19:59:07', 'C4BEF830-47FD-AD69-E131-5440B81199A2', 'http://php2.com:200/img/default_head.png', 'C4BEF830-47FD-AD69-E131-5440B81199A2', '867BBC5F-CD46-0C81-691E-7B775F012E5A', '6131CA15-DC41-20F7-405B-4C84AD71AF6D', 'ADD58453-6F72-DEE0-8FA6-43AEDBFBD8B6', '1');
INSERT INTO `he_notice` VALUES ('5FEB4F7C-71C5-12F0-6098-6FF4D8EC051C', '邀请你加入项目', '2018-10-30 15:47:27', 'CC79CB62-A1EC-745E-5896-99B41C4CD658', 'http://php2.com:200/img/default_head.png', '9C4A7A72-FF80-06DC-C80E-C690B45C1DEB', 'F98F1743-56EE-1BFD-FF46-A9F1C6A7127E', '', 'ADD58453-6F72-DEE0-8FA6-43AEDBFBD8B6', '0');
INSERT INTO `he_notice` VALUES ('605431B5-5328-A333-5EAC-28EBC786275D', '将你移出团队', '2018-10-15 19:36:48', 'C4BEF830-47FD-AD69-E131-5440B81199A2', 'http://php2.com:200/img/default_head.png', '274CD67D-5085-89BE-18B2-F0DFDD8540FE', '', '', 'ADD58453-6F72-DEE0-8FA6-43AEDBFBD8B6', '0');
INSERT INTO `he_notice` VALUES ('633A1AC0-8FCA-2A6B-B07A-7F0C3AF56EBB', '创建了一个任务', '2018-11-09 10:11:09', 'C4BEF830-47FD-AD69-E131-5440B81199A2', 'http://php2.com:200/img/userhead/456.jpg', 'C4BEF830-47FD-AD69-E131-5440B81199A2', '867BBC5F-CD46-0C81-691E-7B775F012E5A', '53C7C76E-D568-61CB-0EBC-B68A2B06C5B0', 'ADD58453-6F72-DEE0-8FA6-43AEDBFBD8B6', '1');
INSERT INTO `he_notice` VALUES ('68C60B27-8D1C-E9E4-F2DA-913F7D102BFA', '创建了一个任务', '2018-11-01 16:37:23', 'C4BEF830-47FD-AD69-E131-5440B81199A2', 'http://php2.com:200/img/userhead/456.jpg', '650F708A-7C35-AF46-52C4-2C2A819861F2', '867BBC5F-CD46-0C81-691E-7B775F012E5A', '69943130-4887-4EEF-1575-8CBB56D2A04E', 'ADD58453-6F72-DEE0-8FA6-43AEDBFBD8B6', '1');
INSERT INTO `he_notice` VALUES ('6E1E357A-ACB8-F8F5-114E-6C255FAB4C48', '创建了一个任务', '2018-10-30 15:47:38', 'CC79CB62-A1EC-745E-5896-99B41C4CD658', 'http://php2.com:200/img/default_head.png', '9C4A7A72-FF80-06DC-C80E-C690B45C1DEB', 'F98F1743-56EE-1BFD-FF46-A9F1C6A7127E', '8D35D4C0-93D6-DD8C-C3F7-0A362F6EA3C5', 'ADD58453-6F72-DEE0-8FA6-43AEDBFBD8B6', '0');
INSERT INTO `he_notice` VALUES ('70803D51-EBC5-035E-905F-3A69537DAFC1', '创建了一个任务', '2018-10-22 19:41:36', 'C4BEF830-47FD-AD69-E131-5440B81199A2', 'http://php2.com:200/img/default_head.png', 'C4BEF830-47FD-AD69-E131-5440B81199A2', '867BBC5F-CD46-0C81-691E-7B775F012E5A', 'D8A6D95D-2563-CB24-D5DD-0EE8C609EC79', 'ADD58453-6F72-DEE0-8FA6-43AEDBFBD8B6', '1');
INSERT INTO `he_notice` VALUES ('717ABA54-6366-1E92-8887-E2C735AE9CB2', '创建了一个任务', '2018-11-01 11:29:43', 'C4BEF830-47FD-AD69-E131-5440B81199A2', 'http://php2.com:200/img/userhead/456.jpg', 'C4BEF830-47FD-AD69-E131-5440B81199A2', '867BBC5F-CD46-0C81-691E-7B775F012E5A', 'A952B7F7-1FFF-20FA-824E-8EAE89E6DE68', 'ADD58453-6F72-DEE0-8FA6-43AEDBFBD8B6', '1');
INSERT INTO `he_notice` VALUES ('71A0AA97-1E2C-01A7-3079-DA98BC8E2570', '创建了一个任务', '2018-10-22 20:06:32', 'C4BEF830-47FD-AD69-E131-5440B81199A2', 'http://php2.com:200/img/default_head.png', 'C4BEF830-47FD-AD69-E131-5440B81199A2', '7709F52F-A4D7-906E-4EF4-7EE50A28B389', 'EB402089-4254-BF98-B6CC-37E1E340E05C', 'ADD58453-6F72-DEE0-8FA6-43AEDBFBD8B6', '1');
INSERT INTO `he_notice` VALUES ('7317D024-A62E-8BEE-29ED-EEE834E2727E', '删除了一个任务', '2018-10-15 19:10:12', 'C4BEF830-47FD-AD69-E131-5440B81199A2', 'http://php2.com:200/img/default_head.png', '791DD9ED-E760-68F4-66CB-D6ADE5BC80D7', '867BBC5F-CD46-0C81-691E-7B775F012E5A', 'B53D0113-EB8D-CDD0-8263-3EC7CEF4AC4D', 'ADD58453-6F72-DEE0-8FA6-43AEDBFBD8B6', '0');
INSERT INTO `he_notice` VALUES ('7442725E-3A68-43C2-C744-6EFD012655F3', '邀请你加入项目', '2018-10-30 09:24:13', 'C4BEF830-47FD-AD69-E131-5440B81199A2', 'http://php2.com:200/img/userhead/头像2.jpg', '791DD9ED-E760-68F4-66CB-D6ADE5BC80D7', '7709F52F-A4D7-906E-4EF4-7EE50A28B389', '', 'ADD58453-6F72-DEE0-8FA6-43AEDBFBD8B6', '0');
INSERT INTO `he_notice` VALUES ('784D07C0-2751-D63B-741B-53D41BB7C6E3', '创建了一个任务', '2018-10-22 14:31:14', 'C4BEF830-47FD-AD69-E131-5440B81199A2', 'http://php2.com:200/img/default_head.png', '1589E0EF-F963-F2B2-4640-F0343A62C0C0', '5474426B-7665-91D4-4B41-06C9B17FED44', 'EC98A0D5-3786-2EB1-1C90-1D766F1A45AC', 'ADD58453-6F72-DEE0-8FA6-43AEDBFBD8B6', '0');
INSERT INTO `he_notice` VALUES ('7D4C1FEC-02D9-6153-3415-86D59C7A6FC4', '创建了一个任务', '2018-10-22 14:30:59', 'C4BEF830-47FD-AD69-E131-5440B81199A2', 'http://php2.com:200/img/default_head.png', '1589E0EF-F963-F2B2-4640-F0343A62C0C0', '867BBC5F-CD46-0C81-691E-7B775F012E5A', '99CB137E-AEAE-F1E4-4168-9F3DFBE97D62', 'ADD58453-6F72-DEE0-8FA6-43AEDBFBD8B6', '0');
INSERT INTO `he_notice` VALUES ('7E686B26-2AFB-C02A-0D57-713FD001DA51', '邀请你加入项目', '2018-10-30 09:24:41', 'C4BEF830-47FD-AD69-E131-5440B81199A2', 'http://php2.com:200/img/userhead/头像2.jpg', '791DD9ED-E760-68F4-66CB-D6ADE5BC80D7', '3822BEBE-A34A-121A-5266-134769FDE812', '', 'ADD58453-6F72-DEE0-8FA6-43AEDBFBD8B6', '0');
INSERT INTO `he_notice` VALUES ('822C92F0-FC53-59C1-DD37-188F3938D0BB', '创建了一个任务', '2018-10-22 16:35:40', 'C4BEF830-47FD-AD69-E131-5440B81199A2', 'http://php2.com:200/img/default_head.png', 'C4BEF830-47FD-AD69-E131-5440B81199A2', '867BBC5F-CD46-0C81-691E-7B775F012E5A', 'F70FE0FC-A2C8-FDF7-5C3F-9E2B60A3227B', 'ADD58453-6F72-DEE0-8FA6-43AEDBFBD8B6', '1');
INSERT INTO `he_notice` VALUES ('89E5FAF6-7517-78BA-4F4D-8BF669931500', '将你移出项目', '2018-10-30 09:24:28', 'C4BEF830-47FD-AD69-E131-5440B81199A2', 'http://php2.com:200/img/userhead/头像2.jpg', '791DD9ED-E760-68F4-66CB-D6ADE5BC80D7', '7709F52F-A4D7-906E-4EF4-7EE50A28B389', '', 'ADD58453-6F72-DEE0-8FA6-43AEDBFBD8B6', '0');
INSERT INTO `he_notice` VALUES ('8BF3AFC9-D16F-4811-2D35-7B4B9EDE7690', '创建了一个任务', '2018-10-18 11:18:10', 'C4BEF830-47FD-AD69-E131-5440B81199A2', 'http://php2.com:200/img/default_head.png', '791DD9ED-E760-68F4-66CB-D6ADE5BC80D7', '867BBC5F-CD46-0C81-691E-7B775F012E5A', '667485D3-C1FB-3381-70BF-6F043BF0EF44', 'ADD58453-6F72-DEE0-8FA6-43AEDBFBD8B6', '0');
INSERT INTO `he_notice` VALUES ('8DFF9647-59A6-0F8B-0106-6019AF360BD7', '创建了一个任务', '2018-10-25 15:08:19', '650F708A-7C35-AF46-52C4-2C2A819861F2', 'http://php2.com:200/img/userhead/123.jpg', 'C4BEF830-47FD-AD69-E131-5440B81199A2', '867BBC5F-CD46-0C81-691E-7B775F012E5A', '8259E9C9-22FC-6AAA-6CAD-74D268BE1496', 'ADD58453-6F72-DEE0-8FA6-43AEDBFBD8B6', '1');
INSERT INTO `he_notice` VALUES ('911458CE-9CF7-4030-481C-D1426CE4951C', '将你移出项目', '2018-10-16 19:50:26', 'C4BEF830-47FD-AD69-E131-5440B81199A2', 'http://php2.com:200/img/default_head.png', 'C4BEF830-47FD-AD69-E131-5440B81199A2', '867BBC5F-CD46-0C81-691E-7B775F012E5A', '', 'ADD58453-6F72-DEE0-8FA6-43AEDBFBD8B6', '1');
INSERT INTO `he_notice` VALUES ('914CDA78-F7C2-5040-A882-56C1F91D964F', '邀请你加入项目', '2018-11-01 16:37:23', 'C4BEF830-47FD-AD69-E131-5440B81199A2', 'http://php2.com:200/img/userhead/头像2.jpg', '650F708A-7C35-AF46-52C4-2C2A819861F2', '3822BEBE-A34A-121A-5266-134769FDE812', '', 'ADD58453-6F72-DEE0-8FA6-43AEDBFBD8B6', '1');
INSERT INTO `he_notice` VALUES ('9AAB552E-C00B-E9EF-E70B-E5367139BF4B', '创建了一个任务', '2018-10-22 14:30:50', 'C4BEF830-47FD-AD69-E131-5440B81199A2', 'http://php2.com:200/img/default_head.png', '791DD9ED-E760-68F4-66CB-D6ADE5BC80D7', '867BBC5F-CD46-0C81-691E-7B775F012E5A', '557F815F-B765-018F-DFFC-CBAFE15AD692', 'ADD58453-6F72-DEE0-8FA6-43AEDBFBD8B6', '0');
INSERT INTO `he_notice` VALUES ('9B578074-AFDC-EA49-9A04-D248FFCFAFD1', '创建了一个任务', '2018-10-22 20:00:28', 'C4BEF830-47FD-AD69-E131-5440B81199A2', 'http://php2.com:200/img/default_head.png', 'C4BEF830-47FD-AD69-E131-5440B81199A2', '867BBC5F-CD46-0C81-691E-7B775F012E5A', '505C7080-7322-3633-21F6-74C9CB3B446D', 'ADD58453-6F72-DEE0-8FA6-43AEDBFBD8B6', '1');
INSERT INTO `he_notice` VALUES ('9D80FA75-8EC3-A015-9B40-04764A27AA2B', '创建了一个任务', '2018-10-30 15:48:28', 'CC79CB62-A1EC-745E-5896-99B41C4CD658', 'http://php2.com:200/img/default_head.png', 'CC79CB62-A1EC-745E-5896-99B41C4CD658', 'F98F1743-56EE-1BFD-FF46-A9F1C6A7127E', '5A472081-712A-4398-2B56-D13F471A937C', 'ADD58453-6F72-DEE0-8FA6-43AEDBFBD8B6', '1');
INSERT INTO `he_notice` VALUES ('9E8FA342-F185-E200-5FF5-34465A8B4A92', '创建了一个任务', '2018-10-22 14:31:53', 'C4BEF830-47FD-AD69-E131-5440B81199A2', 'http://php2.com:200/img/default_head.png', '9C4A7A72-FF80-06DC-C80E-C690B45C1DEB', '867BBC5F-CD46-0C81-691E-7B775F012E5A', 'F7282D39-3EE0-820E-BD8D-EB886DC670E8', 'ADD58453-6F72-DEE0-8FA6-43AEDBFBD8B6', '0');
INSERT INTO `he_notice` VALUES ('A0BB79C4-1D52-8705-CA08-68B489F7B7B3', '创建了一个任务', '2018-10-15 19:10:00', 'C4BEF830-47FD-AD69-E131-5440B81199A2', 'http://php2.com:200/img/default_head.png', '791DD9ED-E760-68F4-66CB-D6ADE5BC80D7', '867BBC5F-CD46-0C81-691E-7B775F012E5A', 'B53D0113-EB8D-CDD0-8263-3EC7CEF4AC4D', 'ADD58453-6F72-DEE0-8FA6-43AEDBFBD8B6', '0');
INSERT INTO `he_notice` VALUES ('A19522CE-A763-6115-3877-D0FFF2C1CD31', '邀请你加入项目', '2018-10-30 13:37:04', 'C4BEF830-47FD-AD69-E131-5440B81199A2', 'http://php2.com:200/img/userhead/头像2.jpg', 'B87621AD-3D73-3136-890A-3B52951A5BE6', '867BBC5F-CD46-0C81-691E-7B775F012E5A', '', 'ADD58453-6F72-DEE0-8FA6-43AEDBFBD8B6', '1');
INSERT INTO `he_notice` VALUES ('A51EFB8F-8BF7-096F-5948-5F45E94FE5A7', '创建了一个任务', '2018-10-25 10:37:13', '650F708A-7C35-AF46-52C4-2C2A819861F2', 'http://php2.com:200/img/userhead/123.jpg', '650F708A-7C35-AF46-52C4-2C2A819861F2', '5474426B-7665-91D4-4B41-06C9B17FED44', 'F57EE65E-1255-D004-037A-5EBCC005C97C', 'ADD58453-6F72-DEE0-8FA6-43AEDBFBD8B6', '1');
INSERT INTO `he_notice` VALUES ('A915D38C-4D56-296E-5720-C0E4FC5CCC14', '创建了一个任务', '2018-11-01 11:31:08', 'C4BEF830-47FD-AD69-E131-5440B81199A2', 'http://php2.com:200/img/userhead/456.jpg', 'C4BEF830-47FD-AD69-E131-5440B81199A2', '867BBC5F-CD46-0C81-691E-7B775F012E5A', 'B3460D02-5AFA-E5E7-CE50-ED19537A5F0B', 'ADD58453-6F72-DEE0-8FA6-43AEDBFBD8B6', '1');
INSERT INTO `he_notice` VALUES ('AB50870C-C5E3-5466-7040-34B1B694D58F', '创建了一个任务', '2018-11-01 11:06:26', 'C4BEF830-47FD-AD69-E131-5440B81199A2', 'http://php2.com:200/img/userhead/456.jpg', '791DD9ED-E760-68F4-66CB-D6ADE5BC80D7', '867BBC5F-CD46-0C81-691E-7B775F012E5A', '59FFF77F-716D-ACA8-66B8-923616133E87', 'ADD58453-6F72-DEE0-8FA6-43AEDBFBD8B6', '0');
INSERT INTO `he_notice` VALUES ('B15E6E3F-F168-2F9C-7C9F-0F5E53060482', '邀请你加入项目', '2018-10-30 09:24:41', 'C4BEF830-47FD-AD69-E131-5440B81199A2', 'http://php2.com:200/img/userhead/头像2.jpg', '9C4A7A72-FF80-06DC-C80E-C690B45C1DEB', '3822BEBE-A34A-121A-5266-134769FDE812', '', 'ADD58453-6F72-DEE0-8FA6-43AEDBFBD8B6', '0');
INSERT INTO `he_notice` VALUES ('B776F7AC-45BA-188C-E828-02558731BE49', '创建了一个任务', '2018-10-18 19:12:42', 'C4BEF830-47FD-AD69-E131-5440B81199A2', 'http://php2.com:200/img/default_head.png', 'C4BEF830-47FD-AD69-E131-5440B81199A2', '867BBC5F-CD46-0C81-691E-7B775F012E5A', '1884125F-2CD3-A7D5-45B6-ACA11A96804D', 'ADD58453-6F72-DEE0-8FA6-43AEDBFBD8B6', '1');
INSERT INTO `he_notice` VALUES ('BB717C61-6339-0B30-C025-1C2CA8D1D35D', '创建了一个任务', '2018-10-22 19:43:40', 'C4BEF830-47FD-AD69-E131-5440B81199A2', 'http://php2.com:200/img/default_head.png', 'C4BEF830-47FD-AD69-E131-5440B81199A2', '867BBC5F-CD46-0C81-691E-7B775F012E5A', '59F720BC-9518-9B53-7CF6-AF725BC2FBDA', 'ADD58453-6F72-DEE0-8FA6-43AEDBFBD8B6', '1');
INSERT INTO `he_notice` VALUES ('BF8BB4E2-22F0-CF52-8B5F-299EA917FC7E', '创建了一个任务', '2018-10-22 14:32:01', 'C4BEF830-47FD-AD69-E131-5440B81199A2', 'http://php2.com:200/img/default_head.png', '791DD9ED-E760-68F4-66CB-D6ADE5BC80D7', '867BBC5F-CD46-0C81-691E-7B775F012E5A', 'BBB00EA7-6538-7F4B-88A7-64751C2C4414', 'ADD58453-6F72-DEE0-8FA6-43AEDBFBD8B6', '0');
INSERT INTO `he_notice` VALUES ('C4431493-C147-BE3B-8FEB-BC50DABBBDB8', '创建了一个任务', '2018-10-18 16:01:10', 'C4BEF830-47FD-AD69-E131-5440B81199A2', 'http://php2.com:200/img/default_head.png', 'C4BEF830-47FD-AD69-E131-5440B81199A2', '867BBC5F-CD46-0C81-691E-7B775F012E5A', '1A65EE52-4EAC-FDE5-0487-8E80D40118C4', 'ADD58453-6F72-DEE0-8FA6-43AEDBFBD8B6', '1');
INSERT INTO `he_notice` VALUES ('C49C9FB9-BE55-9B88-3656-511C793334F8', '邀请你加入项目', '2018-10-30 15:47:27', 'CC79CB62-A1EC-745E-5896-99B41C4CD658', 'http://php2.com:200/img/default_head.png', 'C4BEF830-47FD-AD69-E131-5440B81199A2', 'F98F1743-56EE-1BFD-FF46-A9F1C6A7127E', '', 'ADD58453-6F72-DEE0-8FA6-43AEDBFBD8B6', '0');
INSERT INTO `he_notice` VALUES ('C65777E6-6035-257C-5956-70CDA2868F05', '创建了一个任务', '2018-11-01 22:21:04', 'C4BEF830-47FD-AD69-E131-5440B81199A2', 'http://php2.com:200/img/userhead/456.jpg', '650F708A-7C35-AF46-52C4-2C2A819861F2', '867BBC5F-CD46-0C81-691E-7B775F012E5A', 'D1EC5DAA-299B-9FCC-E1B4-3622C63300B4', 'ADD58453-6F72-DEE0-8FA6-43AEDBFBD8B6', '1');
INSERT INTO `he_notice` VALUES ('C6EE6041-714C-F0FF-75BC-5C9F54EE1D87', '创建了一个任务', '2018-11-01 11:29:43', 'C4BEF830-47FD-AD69-E131-5440B81199A2', 'http://php2.com:200/img/userhead/456.jpg', 'C4BEF830-47FD-AD69-E131-5440B81199A2', '867BBC5F-CD46-0C81-691E-7B775F012E5A', '9CF532A4-8324-D92D-D371-D2779B7BFA79', 'ADD58453-6F72-DEE0-8FA6-43AEDBFBD8B6', '1');
INSERT INTO `he_notice` VALUES ('C8726C7F-663C-69DC-F1CA-69916D7C2775', '创建了一个任务', '2018-10-22 19:42:47', 'C4BEF830-47FD-AD69-E131-5440B81199A2', 'http://php2.com:200/img/default_head.png', 'C4BEF830-47FD-AD69-E131-5440B81199A2', '5474426B-7665-91D4-4B41-06C9B17FED44', '2448C5B9-F987-2D3E-E169-5A9FD6B7D5FD', 'ADD58453-6F72-DEE0-8FA6-43AEDBFBD8B6', '1');
INSERT INTO `he_notice` VALUES ('CCCBB581-FE11-F5A0-B3F2-9395863000EE', '邀请你加入项目', '2018-10-15 19:31:31', 'C4BEF830-47FD-AD69-E131-5440B81199A2', 'http://php2.com:200/img/default_head.png', '9C4A7A72-FF80-06DC-C80E-C690B45C1DEB', 'A315C9B8-4DF0-31BE-43CA-093AE37B44EA', '', 'ADD58453-6F72-DEE0-8FA6-43AEDBFBD8B6', '0');
INSERT INTO `he_notice` VALUES ('D08C2056-9F80-052D-EC5E-9F107B85CAAB', '创建了一个任务', '2018-10-22 19:43:17', 'C4BEF830-47FD-AD69-E131-5440B81199A2', 'http://php2.com:200/img/default_head.png', 'C4BEF830-47FD-AD69-E131-5440B81199A2', '867BBC5F-CD46-0C81-691E-7B775F012E5A', '65D8761E-4C20-99DA-3BAE-9A66BD61945A', 'ADD58453-6F72-DEE0-8FA6-43AEDBFBD8B6', '1');
INSERT INTO `he_notice` VALUES ('D62082D4-EFFF-E039-9E5F-78F1FDD7B1DD', '创建了一个任务', '2018-10-22 19:42:58', 'C4BEF830-47FD-AD69-E131-5440B81199A2', 'http://php2.com:200/img/default_head.png', 'C4BEF830-47FD-AD69-E131-5440B81199A2', '867BBC5F-CD46-0C81-691E-7B775F012E5A', 'C03A5489-9766-80BE-D200-EA63C1AB8FC4', 'ADD58453-6F72-DEE0-8FA6-43AEDBFBD8B6', '1');
INSERT INTO `he_notice` VALUES ('D7FEA4C2-CBB0-2F3B-5F25-D4A61A6FE414', '邀请你加入项目', '2018-11-01 16:37:23', 'C4BEF830-47FD-AD69-E131-5440B81199A2', 'http://php2.com:200/img/userhead/头像2.jpg', '650F708A-7C35-AF46-52C4-2C2A819861F2', '7709F52F-A4D7-906E-4EF4-7EE50A28B389', '', 'ADD58453-6F72-DEE0-8FA6-43AEDBFBD8B6', '1');
INSERT INTO `he_notice` VALUES ('E06FD43C-7F3B-FF3D-15B3-BA1D73B74FAD', '创建了一个任务', '2018-11-01 16:35:21', 'C4BEF830-47FD-AD69-E131-5440B81199A2', 'http://php2.com:200/img/userhead/456.jpg', 'C4BEF830-47FD-AD69-E131-5440B81199A2', '867BBC5F-CD46-0C81-691E-7B775F012E5A', '0D4C03C7-1801-03A4-CB07-E8B8B3192F40', 'ADD58453-6F72-DEE0-8FA6-43AEDBFBD8B6', '1');
INSERT INTO `he_notice` VALUES ('E4C351EF-6CC4-0607-00A6-3B999D2FBD72', '创建了一个任务', '2018-10-22 20:08:38', 'C4BEF830-47FD-AD69-E131-5440B81199A2', 'http://php2.com:200/img/default_head.png', 'C4BEF830-47FD-AD69-E131-5440B81199A2', '7709F52F-A4D7-906E-4EF4-7EE50A28B389', '1C29F1E4-C584-50E3-7964-5A7863146DD6', 'ADD58453-6F72-DEE0-8FA6-43AEDBFBD8B6', '1');
INSERT INTO `he_notice` VALUES ('E531E303-00AD-C1CC-5627-3C78FD30DF90', '创建了一个任务', '2018-10-16 19:50:27', 'C4BEF830-47FD-AD69-E131-5440B81199A2', 'http://php2.com:200/img/default_head.png', 'C4BEF830-47FD-AD69-E131-5440B81199A2', '867BBC5F-CD46-0C81-691E-7B775F012E5A', '0AFBB5DC-ACD2-AEB0-B171-0F2C9620009A', 'ADD58453-6F72-DEE0-8FA6-43AEDBFBD8B6', '1');
INSERT INTO `he_notice` VALUES ('E8A32B80-C992-6310-1415-2DE27B0DEC33', '创建了一个任务', '2018-10-22 14:30:47', 'C4BEF830-47FD-AD69-E131-5440B81199A2', 'http://php2.com:200/img/default_head.png', '791DD9ED-E760-68F4-66CB-D6ADE5BC80D7', '867BBC5F-CD46-0C81-691E-7B775F012E5A', '78C15257-F829-E3ED-26E6-FE87A24488DD', 'ADD58453-6F72-DEE0-8FA6-43AEDBFBD8B6', '0');
INSERT INTO `he_notice` VALUES ('EC64EE1C-DF9B-8FA4-3A31-3F3D132301DD', '邀请你加入项目', '2018-10-16 10:35:48', 'C4BEF830-47FD-AD69-E131-5440B81199A2', 'http://php2.com:200/img/default_head.png', '9C4A7A72-FF80-06DC-C80E-C690B45C1DEB', 'A315C9B8-4DF0-31BE-43CA-093AE37B44EA', '', 'ADD58453-6F72-DEE0-8FA6-43AEDBFBD8B6', '0');
INSERT INTO `he_notice` VALUES ('F1E147F0-327A-6930-171D-54E9B9C0D2B3', '将你移出项目', '2018-10-16 10:35:53', 'C4BEF830-47FD-AD69-E131-5440B81199A2', 'http://php2.com:200/img/default_head.png', '9C4A7A72-FF80-06DC-C80E-C690B45C1DEB', 'A315C9B8-4DF0-31BE-43CA-093AE37B44EA', '', 'ADD58453-6F72-DEE0-8FA6-43AEDBFBD8B6', '0');
INSERT INTO `he_notice` VALUES ('F3DC2105-579B-D25B-BE68-03673EE02E6C', '邀请你加入项目', '2018-10-30 09:24:12', 'C4BEF830-47FD-AD69-E131-5440B81199A2', 'http://php2.com:200/img/userhead/头像2.jpg', '9C4A7A72-FF80-06DC-C80E-C690B45C1DEB', '7709F52F-A4D7-906E-4EF4-7EE50A28B389', '', 'ADD58453-6F72-DEE0-8FA6-43AEDBFBD8B6', '0');
INSERT INTO `he_notice` VALUES ('F4A5D772-D276-DF09-B5E2-CB9038ED067C', '创建了一个任务', '2018-11-01 16:34:52', 'C4BEF830-47FD-AD69-E131-5440B81199A2', 'http://php2.com:200/img/userhead/456.jpg', '1589E0EF-F963-F2B2-4640-F0343A62C0C0', '867BBC5F-CD46-0C81-691E-7B775F012E5A', 'ADF0D09E-D0F3-6B1B-165F-E3A191E93D70', 'ADD58453-6F72-DEE0-8FA6-43AEDBFBD8B6', '0');
INSERT INTO `he_notice` VALUES ('F69970A0-39AF-321B-3A01-56948F57D0FF', '创建了一个任务', '2018-10-16 19:50:26', 'C4BEF830-47FD-AD69-E131-5440B81199A2', 'http://php2.com:200/img/default_head.png', 'C4BEF830-47FD-AD69-E131-5440B81199A2', '867BBC5F-CD46-0C81-691E-7B775F012E5A', '0474F981-3E1B-4A99-15D6-4536A1D87877', 'ADD58453-6F72-DEE0-8FA6-43AEDBFBD8B6', '1');
INSERT INTO `he_notice` VALUES ('F73EFC50-A018-B902-7741-FBCE6A5EFA50', '创建了一个任务', '2018-11-01 11:00:04', 'C4BEF830-47FD-AD69-E131-5440B81199A2', 'http://php2.com:200/img/userhead/456.jpg', 'C4BEF830-47FD-AD69-E131-5440B81199A2', '867BBC5F-CD46-0C81-691E-7B775F012E5A', '23D5F328-EA60-97B9-8FA8-B90B517ADB1F', 'ADD58453-6F72-DEE0-8FA6-43AEDBFBD8B6', '1');
INSERT INTO `he_notice` VALUES ('FA5B2D24-0840-7540-5A64-B24A549E09D7', '创建了一个任务', '2018-10-22 14:31:57', 'C4BEF830-47FD-AD69-E131-5440B81199A2', 'http://php2.com:200/img/default_head.png', '1589E0EF-F963-F2B2-4640-F0343A62C0C0', '867BBC5F-CD46-0C81-691E-7B775F012E5A', 'BF94B74B-4F8A-6F3D-779D-BDD6A95EB52F', 'ADD58453-6F72-DEE0-8FA6-43AEDBFBD8B6', '0');
INSERT INTO `he_notice` VALUES ('FBB4A640-F02C-04B7-8CF9-D4DA07D887A3', '创建了一个任务', '2018-11-01 16:35:21', 'C4BEF830-47FD-AD69-E131-5440B81199A2', 'http://php2.com:200/img/userhead/456.jpg', 'C4BEF830-47FD-AD69-E131-5440B81199A2', '867BBC5F-CD46-0C81-691E-7B775F012E5A', '10EA4CEE-8158-3233-600F-09D4E1E0DCC8', 'ADD58453-6F72-DEE0-8FA6-43AEDBFBD8B6', '1');
INSERT INTO `he_notice` VALUES ('FEEF41C5-A490-CAB9-DDC2-9F158164B36A', '创建了一个任务', '2018-10-30 09:13:59', 'C4BEF830-47FD-AD69-E131-5440B81199A2', 'http://php2.com:200/img/userhead/头像2.jpg', 'C4BEF830-47FD-AD69-E131-5440B81199A2', '5474426B-7665-91D4-4B41-06C9B17FED44', '6EDA7778-8B3F-FCF2-119D-95DC82339391', 'ADD58453-6F72-DEE0-8FA6-43AEDBFBD8B6', '1');

-- ----------------------------
-- Table structure for he_operate
-- ----------------------------
DROP TABLE IF EXISTS `he_operate`;
CREATE TABLE `he_operate` (
  `OperateId` varchar(36) NOT NULL COMMENT '操作表ID',
  `TaskId` varchar(36) DEFAULT NULL COMMENT '任务ID',
  `ProjectId` varchar(36) DEFAULT NULL COMMENT '项目id',
  `TaskDetails` varchar(255) DEFAULT NULL,
  `OperateContent` varchar(36) DEFAULT NULL COMMENT '操作内容 0 添加 1 完成 2 删除',
  `OperatorId` varchar(36) DEFAULT NULL COMMENT '操作者id',
  `OperateTime` datetime DEFAULT NULL ON UPDATE CURRENT_TIMESTAMP COMMENT '操作时间',
  `TeamId` varchar(36) DEFAULT NULL,
  PRIMARY KEY (`OperateId`)
) ENGINE=InnoDB DEFAULT CHARSET=utf8;

-- ----------------------------
-- Records of he_operate
-- ----------------------------
INSERT INTO `he_operate` VALUES ('004C6106-5E2A-3FEB-DBD9-DBBA9C9C5B4B', 'C018628D-1F99-774F-4E7A-452E1A3BD5AA', '867BBC5F-CD46-0C81-691E-7B775F012E5A', '为了通知', '完成了任务', 'C4BEF830-47FD-AD69-E131-5440B81199A2', '2018-10-29 09:06:19', 'ADD58453-6F72-DEE0-8FA6-43AEDBFBD8B6');
INSERT INTO `he_operate` VALUES ('0148A9B6-F20F-5CC8-BD62-D7774A468900', '08B2B1FD-43A1-1103-0CCB-4CD3139E26B3', 'A315C9B8-4DF0-31BE-43CA-093AE37B44EA', 'asdasd', '完成了任务', 'C4BEF830-47FD-AD69-E131-5440B81199A2', '2018-10-22 14:25:17', 'ADD58453-6F72-DEE0-8FA6-43AEDBFBD8B6');
INSERT INTO `he_operate` VALUES ('014BFA36-DD82-226B-7E12-44617DC5F66B', '1A65EE52-4EAC-FDE5-0487-8E80D40118C4', '867BBC5F-CD46-0C81-691E-7B775F012E5A', '32121', '完成了任务', 'C4BEF830-47FD-AD69-E131-5440B81199A2', '2018-10-22 14:24:20', 'ADD58453-6F72-DEE0-8FA6-43AEDBFBD8B6');
INSERT INTO `he_operate` VALUES ('03AE1DBC-1482-8103-0B98-F916971498F7', '8259E9C9-22FC-6AAA-6CAD-74D268BE1496', '867BBC5F-CD46-0C81-691E-7B775F012E5A', '成员任务成员任务成员任务成员任务成员任务成员任务成员任务成员任务成员任务成员任务成员任务成员任务', '完成了任务', 'C4BEF830-47FD-AD69-E131-5440B81199A2', '2018-10-25 16:17:19', 'ADD58453-6F72-DEE0-8FA6-43AEDBFBD8B6');
INSERT INTO `he_operate` VALUES ('06CA72AA-3524-0F74-8AE2-99C5BC625C35', 'A464BEDE-B1C7-A7C0-7231-DAC8E860DFEB', '7709F52F-A4D7-906E-4EF4-7EE50A28B389', '31231221', '完成了任务', 'C4BEF830-47FD-AD69-E131-5440B81199A2', '2018-10-15 15:26:24', 'ADD58453-6F72-DEE0-8FA6-43AEDBFBD8B6');
INSERT INTO `he_operate` VALUES ('075E7D67-B144-EF5A-D390-7D5CEEEBA8D6', '2CF840EF-2C60-DFA9-4AB0-5B517B7B850F', '867BBC5F-CD46-0C81-691E-7B775F012E5A', '3122121', '完成了任务', 'C4BEF830-47FD-AD69-E131-5440B81199A2', '2018-10-17 10:06:49', 'ADD58453-6F72-DEE0-8FA6-43AEDBFBD8B6');
INSERT INTO `he_operate` VALUES ('086D2367-982D-2C06-42A2-1304F1F59638', 'C477E96D-9958-C24C-A32C-4BD170AC8EF8', 'A315C9B8-4DF0-31BE-43CA-093AE37B44EA', '123123', '创建了任务', 'C4BEF830-47FD-AD69-E131-5440B81199A2', '2018-10-12 10:55:55', 'ADD58453-6F72-DEE0-8FA6-43AEDBFBD8B6');
INSERT INTO `he_operate` VALUES ('08B737AD-DABA-2D85-F863-239F334FAC06', '4BD1F26B-CFB7-161B-7EFD-72E52F3BF4A4', '867BBC5F-CD46-0C81-691E-7B775F012E5A', 'cefds', '创建了任务', 'C4BEF830-47FD-AD69-E131-5440B81199A2', '2018-10-12 10:55:51', 'ADD58453-6F72-DEE0-8FA6-43AEDBFBD8B6');
INSERT INTO `he_operate` VALUES ('09A66B24-D902-2B6C-EB89-DAEB997D7D5A', 'B62B1BC4-40C7-A547-0A9C-3BCB9342E7FB', '867BBC5F-CD46-0C81-691E-7B775F012E5A', 'lzw123123', '完成了任务', 'C4BEF830-47FD-AD69-E131-5440B81199A2', '2018-10-18 11:17:27', 'ADD58453-6F72-DEE0-8FA6-43AEDBFBD8B6');
INSERT INTO `he_operate` VALUES ('0A739B21-425C-4D42-2366-A5B151F1BE0A', '395642E1-1917-387F-9143-0A49B9AEF0CA', '867BBC5F-CD46-0C81-691E-7B775F012E5A', '为了通知', '完成了任务', 'C4BEF830-47FD-AD69-E131-5440B81199A2', '2018-10-22 20:29:05', 'ADD58453-6F72-DEE0-8FA6-43AEDBFBD8B6');
INSERT INTO `he_operate` VALUES ('0A90765F-04DA-39A5-81A2-A70ADCA33452', 'B0968D6F-32B4-1C7B-6D06-0162596B9D3A', 'A315C9B8-4DF0-31BE-43CA-093AE37B44EA', '31232123131232131312', '完成了任务', 'C4BEF830-47FD-AD69-E131-5440B81199A2', '2018-10-22 14:25:11', 'ADD58453-6F72-DEE0-8FA6-43AEDBFBD8B6');
INSERT INTO `he_operate` VALUES ('0BAC1C56-CCA4-3C3F-7012-AC3405EDDE9B', '7E1180FD-ED9F-156E-3281-E81958021BA0', '5474426B-7665-91D4-4B41-06C9B17FED44', '延误任务1', '创建了任务', 'C4BEF830-47FD-AD69-E131-5440B81199A2', '2018-10-22 14:32:10', 'ADD58453-6F72-DEE0-8FA6-43AEDBFBD8B6');
INSERT INTO `he_operate` VALUES ('0C12AF1F-B12D-9991-D7E4-39D4EE3DD4F8', '667485D3-C1FB-3381-70BF-6F043BF0EF44', '867BBC5F-CD46-0C81-691E-7B775F012E5A', '超过完成时间，显示红色', '创建了任务', 'C4BEF830-47FD-AD69-E131-5440B81199A2', '2018-10-18 11:18:09', 'ADD58453-6F72-DEE0-8FA6-43AEDBFBD8B6');
INSERT INTO `he_operate` VALUES ('0D60FEDA-27D1-B9FE-3979-F27C781F6CDB', 'F4F4F7D8-444E-8B13-BB7A-2BCFAD9D56C9', 'A315C9B8-4DF0-31BE-43CA-093AE37B44EA', '完成任务1', '完成了任务', 'C4BEF830-47FD-AD69-E131-5440B81199A2', '2018-10-30 09:12:42', 'ADD58453-6F72-DEE0-8FA6-43AEDBFBD8B6');
INSERT INTO `he_operate` VALUES ('0E3D4AA3-AED4-6A25-35E6-EF5B9DCE19B1', '59F720BC-9518-9B53-7CF6-AF725BC2FBDA', '867BBC5F-CD46-0C81-691E-7B775F012E5A', '为了通知', '完成了任务', 'C4BEF830-47FD-AD69-E131-5440B81199A2', '2018-10-22 20:29:06', 'ADD58453-6F72-DEE0-8FA6-43AEDBFBD8B6');
INSERT INTO `he_operate` VALUES ('0E401C72-45D2-0E3E-5645-80474BDD941A', 'D774BC0D-8F7B-FC6E-9B82-679D8D4A7064', '7709F52F-A4D7-906E-4EF4-7EE50A28B389', '测试', '完成了任务', 'C4BEF830-47FD-AD69-E131-5440B81199A2', '2018-10-12 10:54:05', 'ADD58453-6F72-DEE0-8FA6-43AEDBFBD8B6');
INSERT INTO `he_operate` VALUES ('0EFD4121-CA44-1526-6259-07BA1761CD20', '65D8761E-4C20-99DA-3BAE-9A66BD61945A', '867BBC5F-CD46-0C81-691E-7B775F012E5A', '为了通知', '完成了任务', 'C4BEF830-47FD-AD69-E131-5440B81199A2', '2018-10-22 20:29:06', 'ADD58453-6F72-DEE0-8FA6-43AEDBFBD8B6');
INSERT INTO `he_operate` VALUES ('121ABFEE-ADE1-9A7B-8F73-E40F1A098D2B', '99CB137E-AEAE-F1E4-4168-9F3DFBE97D62', '867BBC5F-CD46-0C81-691E-7B775F012E5A', '完成任务5', '创建了任务', 'C4BEF830-47FD-AD69-E131-5440B81199A2', '2018-10-22 14:30:59', 'ADD58453-6F72-DEE0-8FA6-43AEDBFBD8B6');
INSERT INTO `he_operate` VALUES ('12DBE5C4-B239-B39A-67C2-DE593969D858', '238909C3-251B-470F-AC99-A65C2A62C5B9', '867BBC5F-CD46-0C81-691E-7B775F012E5A', '为了通知', '完成了任务', 'C4BEF830-47FD-AD69-E131-5440B81199A2', '2018-10-22 20:29:04', 'ADD58453-6F72-DEE0-8FA6-43AEDBFBD8B6');
INSERT INTO `he_operate` VALUES ('14A1675F-47D4-F93D-D460-7D7B71FB750E', 'DAB58BD9-8DA7-9677-9330-373317E029C1', '5474426B-7665-91D4-4B41-06C9B17FED44', '延误任务2', '完成了任务', 'C4BEF830-47FD-AD69-E131-5440B81199A2', '2018-10-29 10:45:48', 'ADD58453-6F72-DEE0-8FA6-43AEDBFBD8B6');
INSERT INTO `he_operate` VALUES ('1A239B25-DFB7-EE1D-0CFF-EEE5827490DA', 'DCCBBE96-98E4-F9B9-B97F-591BBEBF6F66', '7709F52F-A4D7-906E-4EF4-7EE50A28B389', '312312', '完成了任务', 'C4BEF830-47FD-AD69-E131-5440B81199A2', '2018-10-12 10:56:01', 'ADD58453-6F72-DEE0-8FA6-43AEDBFBD8B6');
INSERT INTO `he_operate` VALUES ('1A3CB90E-FE6F-CAA6-A72D-1D2E0CA36919', '9DC34679-DAC6-DCA6-226A-C08242F34240', '867BBC5F-CD46-0C81-691E-7B775F012E5A', '312', '创建了任务', 'C4BEF830-47FD-AD69-E131-5440B81199A2', '2018-11-01 11:15:50', 'ADD58453-6F72-DEE0-8FA6-43AEDBFBD8B6');
INSERT INTO `he_operate` VALUES ('1B10AB86-165D-E9A9-C805-399AD8CF7A5B', '2CF840EF-2C60-DFA9-4AB0-5B517B7B850F', '867BBC5F-CD46-0C81-691E-7B775F012E5A', '3122121', '创建了任务', '650F708A-7C35-AF46-52C4-2C2A819861F2', '2018-10-12 11:43:09', 'ADD58453-6F72-DEE0-8FA6-43AEDBFBD8B6');
INSERT INTO `he_operate` VALUES ('1C8B7C86-929C-5840-C43C-FA484091ADD3', '3B1F9D0D-A556-CDE8-C3AF-9C3021CF728A', '7709F52F-A4D7-906E-4EF4-7EE50A28B389', 'ces ', '创建了任务', 'C4BEF830-47FD-AD69-E131-5440B81199A2', '2018-10-15 15:25:21', 'ADD58453-6F72-DEE0-8FA6-43AEDBFBD8B6');
INSERT INTO `he_operate` VALUES ('1D3697C3-B94D-0064-5D49-B1E55A91E1F5', 'D774BC0D-8F7B-FC6E-9B82-679D8D4A7064', '7709F52F-A4D7-906E-4EF4-7EE50A28B389', '测试', '创建了任务', 'C4BEF830-47FD-AD69-E131-5440B81199A2', '2018-10-12 10:55:49', 'ADD58453-6F72-DEE0-8FA6-43AEDBFBD8B6');
INSERT INTO `he_operate` VALUES ('235F166D-9EDB-696C-8E05-D1F48A442D96', 'B53D0113-EB8D-CDD0-8263-3EC7CEF4AC4D', '867BBC5F-CD46-0C81-691E-7B775F012E5A', '再次测试', '创建了任务', 'C4BEF830-47FD-AD69-E131-5440B81199A2', '2018-10-15 19:10:00', 'ADD58453-6F72-DEE0-8FA6-43AEDBFBD8B6');
INSERT INTO `he_operate` VALUES ('2530B431-F9D1-96BF-5A02-3B5D8B4150A2', '7AFEAA35-059D-FD6B-7D6D-BBC8F90D04FC', '867BBC5F-CD46-0C81-691E-7B775F012E5A', '123', '完成了任务', 'C4BEF830-47FD-AD69-E131-5440B81199A2', '2018-10-18 16:50:59', 'ADD58453-6F72-DEE0-8FA6-43AEDBFBD8B6');
INSERT INTO `he_operate` VALUES ('254A7B86-E5BF-B264-EEE4-36ABE5A1CF31', 'A464BEDE-B1C7-A7C0-7231-DAC8E860DFEB', '7709F52F-A4D7-906E-4EF4-7EE50A28B389', '31231221', '创建了任务', 'C4BEF830-47FD-AD69-E131-5440B81199A2', '2018-10-15 11:42:59', 'ADD58453-6F72-DEE0-8FA6-43AEDBFBD8B6');
INSERT INTO `he_operate` VALUES ('25F6AC85-41E4-4221-50BC-3F1ABF5F1E6A', 'F7282D39-3EE0-820E-BD8D-EB886DC670E8', '867BBC5F-CD46-0C81-691E-7B775F012E5A', '延误任务1', '完成了任务', 'C4BEF830-47FD-AD69-E131-5440B81199A2', '2018-10-29 10:46:02', 'ADD58453-6F72-DEE0-8FA6-43AEDBFBD8B6');
INSERT INTO `he_operate` VALUES ('26227F23-EC5A-1CEF-DF40-D0A219F9059A', '5342C12D-F463-9D3C-64BE-7F3A4C36045A', '867BBC5F-CD46-0C81-691E-7B775F012E5A', '32312321', '完成了任务', 'C4BEF830-47FD-AD69-E131-5440B81199A2', '2018-10-18 11:17:50', 'ADD58453-6F72-DEE0-8FA6-43AEDBFBD8B6');
INSERT INTO `he_operate` VALUES ('26D13A18-B3B1-00A2-2732-D6F229F6D706', 'C1D0AFBD-770D-6779-2E67-DC8048070580', '867BBC5F-CD46-0C81-691E-7B775F012E5A', '321312', '创建了任务', 'C4BEF830-47FD-AD69-E131-5440B81199A2', '2018-10-12 10:55:48', 'ADD58453-6F72-DEE0-8FA6-43AEDBFBD8B6');
INSERT INTO `he_operate` VALUES ('28CFAEC8-2894-B24A-CDC0-0942F3F13243', '557F815F-B765-018F-DFFC-CBAFE15AD692', '867BBC5F-CD46-0C81-691E-7B775F012E5A', '完成任务3', '完成了任务', 'C4BEF830-47FD-AD69-E131-5440B81199A2', '2018-10-29 10:45:57', 'ADD58453-6F72-DEE0-8FA6-43AEDBFBD8B6');
INSERT INTO `he_operate` VALUES ('296B2EBF-E362-17E9-AC05-3EEDC3EFEF99', '65D8761E-4C20-99DA-3BAE-9A66BD61945A', '867BBC5F-CD46-0C81-691E-7B775F012E5A', '为了通知', '创建了任务', 'C4BEF830-47FD-AD69-E131-5440B81199A2', '2018-10-22 15:31:47', 'ADD58453-6F72-DEE0-8FA6-43AEDBFBD8B6');
INSERT INTO `he_operate` VALUES ('298D0DCC-B5DB-2CA5-4503-27A17BFAB4AF', '7ED71DCC-DCBA-9ABA-5724-7ECB265C953E', '867BBC5F-CD46-0C81-691E-7B775F012E5A', '完成任务4', '创建了任务', 'C4BEF830-47FD-AD69-E131-5440B81199A2', '2018-10-22 14:30:55', 'ADD58453-6F72-DEE0-8FA6-43AEDBFBD8B6');
INSERT INTO `he_operate` VALUES ('2C05BD6F-BD4A-7A02-2BAA-C82AA34556F1', '1A65EE52-4EAC-FDE5-0487-8E80D40118C4', '867BBC5F-CD46-0C81-691E-7B775F012E5A', '32121', '创建了任务', 'C4BEF830-47FD-AD69-E131-5440B81199A2', '2018-10-18 16:01:00', 'ADD58453-6F72-DEE0-8FA6-43AEDBFBD8B6');
INSERT INTO `he_operate` VALUES ('2C9F4B93-2DC3-B46C-5E5E-B23A7029353F', '0451C580-C528-3318-A689-24CDF2B26435', '7709F52F-A4D7-906E-4EF4-7EE50A28B389', 'cesfds', '创建了任务', 'C4BEF830-47FD-AD69-E131-5440B81199A2', '2018-10-15 15:25:59', 'ADD58453-6F72-DEE0-8FA6-43AEDBFBD8B6');
INSERT INTO `he_operate` VALUES ('2D93B19D-B2E9-BB8D-3F32-707AAFB71F36', '02098453-A5B3-3C39-A474-337BF7CF5758', '7709F52F-A4D7-906E-4EF4-7EE50A28B389', '321312321', '完成了任务', 'C4BEF830-47FD-AD69-E131-5440B81199A2', '2018-10-12 10:56:02', 'ADD58453-6F72-DEE0-8FA6-43AEDBFBD8B6');
INSERT INTO `he_operate` VALUES ('2E3B0ADA-FF75-95C2-17FD-376D72C6FF18', '6CED8B25-EC93-C235-F281-3B42197AA37D', 'A315C9B8-4DF0-31BE-43CA-093AE37B44EA', '321321132', '创建了任务', 'C4BEF830-47FD-AD69-E131-5440B81199A2', '2018-10-12 10:55:47', 'ADD58453-6F72-DEE0-8FA6-43AEDBFBD8B6');
INSERT INTO `he_operate` VALUES ('2EB10707-8512-D06E-D5EB-0DD3413E0844', '59FFF77F-716D-ACA8-66B8-923616133E87', '867BBC5F-CD46-0C81-691E-7B775F012E5A', '123', '完成了任务', 'C4BEF830-47FD-AD69-E131-5440B81199A2', '2018-11-01 11:08:59', 'ADD58453-6F72-DEE0-8FA6-43AEDBFBD8B6');
INSERT INTO `he_operate` VALUES ('32785607-B8BC-BE90-9979-2098615B7B7F', 'C590B2E4-26C2-BFAE-65D3-A3C9BDD70C17', '867BBC5F-CD46-0C81-691E-7B775F012E5A', '123', '创建了任务', 'C4BEF830-47FD-AD69-E131-5440B81199A2', '2018-10-18 13:55:24', 'ADD58453-6F72-DEE0-8FA6-43AEDBFBD8B6');
INSERT INTO `he_operate` VALUES ('32CDE779-C2C1-5D59-9D2B-DF727A42201E', '0AFBB5DC-ACD2-AEB0-B171-0F2C9620009A', '867BBC5F-CD46-0C81-691E-7B775F012E5A', '321321321321', '创建了任务', 'C4BEF830-47FD-AD69-E131-5440B81199A2', '2018-10-16 11:09:57', 'ADD58453-6F72-DEE0-8FA6-43AEDBFBD8B6');
INSERT INTO `he_operate` VALUES ('335CB99B-7966-51B2-88C8-9A78A17667A0', '59FFF77F-716D-ACA8-66B8-923616133E87', '867BBC5F-CD46-0C81-691E-7B775F012E5A', '123', '创建了任务', 'C4BEF830-47FD-AD69-E131-5440B81199A2', '2018-11-01 11:06:26', 'ADD58453-6F72-DEE0-8FA6-43AEDBFBD8B6');
INSERT INTO `he_operate` VALUES ('343E5C7A-8E69-32EA-10B0-1CDBDCEEBD44', '1884125F-2CD3-A7D5-45B6-ACA11A96804D', '867BBC5F-CD46-0C81-691E-7B775F012E5A', '321', '完成了任务', 'C4BEF830-47FD-AD69-E131-5440B81199A2', '2018-10-22 14:24:20', 'ADD58453-6F72-DEE0-8FA6-43AEDBFBD8B6');
INSERT INTO `he_operate` VALUES ('35B47980-9B90-ED12-31F8-B3ED12B87621', 'F3087F49-FB5F-83EE-9EB0-8AF113B72930', '867BBC5F-CD46-0C81-691E-7B775F012E5A', '21312312321', '删除了任务', 'C4BEF830-47FD-AD69-E131-5440B81199A2', '2018-10-15 16:03:18', 'ADD58453-6F72-DEE0-8FA6-43AEDBFBD8B6');
INSERT INTO `he_operate` VALUES ('39F36729-14C2-F181-9BFB-A3DC064F99B1', 'EC98A0D5-3786-2EB1-1C90-1D766F1A45AC', '5474426B-7665-91D4-4B41-06C9B17FED44', '完成任务1', '完成了任务', 'C4BEF830-47FD-AD69-E131-5440B81199A2', '2018-10-29 09:54:30', 'ADD58453-6F72-DEE0-8FA6-43AEDBFBD8B6');
INSERT INTO `he_operate` VALUES ('3DA80C32-E5C0-9327-A32C-D7868E9E1DBB', '9CF532A4-8324-D92D-D371-D2779B7BFA79', '867BBC5F-CD46-0C81-691E-7B775F012E5A', '321', '完成了任务', 'C4BEF830-47FD-AD69-E131-5440B81199A2', '2018-11-01 11:18:59', 'ADD58453-6F72-DEE0-8FA6-43AEDBFBD8B6');
INSERT INTO `he_operate` VALUES ('3E992FA2-73F8-16A7-83F6-97952C755B7E', '5A036636-4087-C81C-6833-54C75492300C', '867BBC5F-CD46-0C81-691E-7B775F012E5A', '321321321', '创建了任务', 'C4BEF830-47FD-AD69-E131-5440B81199A2', '2018-10-12 10:55:46', 'ADD58453-6F72-DEE0-8FA6-43AEDBFBD8B6');
INSERT INTO `he_operate` VALUES ('41E908DE-DD8A-C701-6EC5-BF86E5191CD5', '4E1A9978-B82D-F087-5DD0-DD385825955C', '867BBC5F-CD46-0C81-691E-7B775F012E5A', '321312321', '完成了任务', 'C4BEF830-47FD-AD69-E131-5440B81199A2', '2018-10-12 10:56:03', 'ADD58453-6F72-DEE0-8FA6-43AEDBFBD8B6');
INSERT INTO `he_operate` VALUES ('456BF205-F3C3-C3D4-2A8C-7426EF160746', '14997EC6-9C19-5623-D9D1-18BCCBE6C749', 'A315C9B8-4DF0-31BE-43CA-093AE37B44EA', '31321321', '创建了任务', 'C4BEF830-47FD-AD69-E131-5440B81199A2', '2018-10-16 19:53:03', 'ADD58453-6F72-DEE0-8FA6-43AEDBFBD8B6');
INSERT INTO `he_operate` VALUES ('472F64FC-BF6D-FBB1-DDBC-C508F649C52F', '6B7D63BD-2E2D-105A-1AC2-33B6F0D2123D', '7709F52F-A4D7-906E-4EF4-7EE50A28B389', 'henaho ', '完成了任务', 'C4BEF830-47FD-AD69-E131-5440B81199A2', '2018-10-22 09:37:34', 'ADD58453-6F72-DEE0-8FA6-43AEDBFBD8B6');
INSERT INTO `he_operate` VALUES ('48FD2FDF-2A37-A956-1D3A-861F37F0828F', '8D7F480C-FEDB-DE3E-17C6-7D9C984D9CF3', '867BBC5F-CD46-0C81-691E-7B775F012E5A', '通知任务', '创建了任务', '650F708A-7C35-AF46-52C4-2C2A819861F2', '2018-10-25 10:14:02', 'ADD58453-6F72-DEE0-8FA6-43AEDBFBD8B6');
INSERT INTO `he_operate` VALUES ('4B3D336A-6BF2-4ED4-E4D0-7C32D6D7026F', 'A952B7F7-1FFF-20FA-824E-8EAE89E6DE68', '867BBC5F-CD46-0C81-691E-7B775F012E5A', '321', '创建了任务', 'C4BEF830-47FD-AD69-E131-5440B81199A2', '2018-11-01 11:20:44', 'ADD58453-6F72-DEE0-8FA6-43AEDBFBD8B6');
INSERT INTO `he_operate` VALUES ('4B8E65D3-9A4D-6498-6B9A-469275752297', '8D7F480C-FEDB-DE3E-17C6-7D9C984D9CF3', '867BBC5F-CD46-0C81-691E-7B775F012E5A', '通知任务', '完成了任务', 'C4BEF830-47FD-AD69-E131-5440B81199A2', '2018-10-29 10:45:59', 'ADD58453-6F72-DEE0-8FA6-43AEDBFBD8B6');
INSERT INTO `he_operate` VALUES ('4C1A2743-FEC7-F3DE-31CD-DE6B8A2B0BB9', '55BEA3D2-B892-C427-4FC8-0D32407049AF', '867BBC5F-CD46-0C81-691E-7B775F012E5A', '312312321', '创建了任务', 'C4BEF830-47FD-AD69-E131-5440B81199A2', '2018-10-15 15:31:24', 'ADD58453-6F72-DEE0-8FA6-43AEDBFBD8B6');
INSERT INTO `he_operate` VALUES ('4CBCB664-E57C-F40D-281C-5F2D93C90E98', 'C1D0AFBD-770D-6779-2E67-DC8048070580', '867BBC5F-CD46-0C81-691E-7B775F012E5A', '321312', '完成了任务', 'C4BEF830-47FD-AD69-E131-5440B81199A2', '2018-10-12 10:56:05', 'ADD58453-6F72-DEE0-8FA6-43AEDBFBD8B6');
INSERT INTO `he_operate` VALUES ('4E1CB4AF-327C-93D6-360A-2899B11E7F69', '55C2CCBD-ED33-EE15-F28B-FDFCB4BD6841', '7709F52F-A4D7-906E-4EF4-7EE50A28B389', '123', '创建了任务', 'C4BEF830-47FD-AD69-E131-5440B81199A2', '2018-10-15 11:42:25', 'ADD58453-6F72-DEE0-8FA6-43AEDBFBD8B6');
INSERT INTO `he_operate` VALUES ('4EAD34B2-CC4D-A501-EBD2-094B4A7F9990', '93CB6172-3FD4-A560-61EB-80BB74028D0A', '867BBC5F-CD46-0C81-691E-7B775F012E5A', '完成任务6', '创建了任务', 'C4BEF830-47FD-AD69-E131-5440B81199A2', '2018-10-22 14:31:03', 'ADD58453-6F72-DEE0-8FA6-43AEDBFBD8B6');
INSERT INTO `he_operate` VALUES ('4F9CDA96-6387-9652-3FCC-93F9EE744907', '5342C12D-F463-9D3C-64BE-7F3A4C36045A', '867BBC5F-CD46-0C81-691E-7B775F012E5A', '32312321', '创建了任务', 'C4BEF830-47FD-AD69-E131-5440B81199A2', '2018-10-15 15:31:39', 'ADD58453-6F72-DEE0-8FA6-43AEDBFBD8B6');
INSERT INTO `he_operate` VALUES ('5180240B-BD08-E53B-4A05-2AA93BDD69DC', 'F7282D39-3EE0-820E-BD8D-EB886DC670E8', '867BBC5F-CD46-0C81-691E-7B775F012E5A', '延误任务1', '创建了任务', 'C4BEF830-47FD-AD69-E131-5440B81199A2', '2018-10-22 14:31:53', 'ADD58453-6F72-DEE0-8FA6-43AEDBFBD8B6');
INSERT INTO `he_operate` VALUES ('52C00EC1-4BD7-8A27-7297-7E27612FD2F5', '0474F981-3E1B-4A99-15D6-4536A1D87877', '867BBC5F-CD46-0C81-691E-7B775F012E5A', 'cxs', '完成了任务', 'C4BEF830-47FD-AD69-E131-5440B81199A2', '2018-10-22 14:24:21', 'ADD58453-6F72-DEE0-8FA6-43AEDBFBD8B6');
INSERT INTO `he_operate` VALUES ('534F3309-5A54-7617-AA61-07E0D0C7D503', '6943D234-F15E-FC53-882A-3C3812133874', '7709F52F-A4D7-906E-4EF4-7EE50A28B389', '312321321321', '完成了任务', 'C4BEF830-47FD-AD69-E131-5440B81199A2', '2018-10-12 10:56:05', 'ADD58453-6F72-DEE0-8FA6-43AEDBFBD8B6');
INSERT INTO `he_operate` VALUES ('53CB715B-6F83-AEE9-CD8B-66BAEF421995', 'BD2F0AEF-4E26-15B2-2366-CCA95E4B7CD9', '867BBC5F-CD46-0C81-691E-7B775F012E5A', '完成任务1', '创建了任务', 'C4BEF830-47FD-AD69-E131-5440B81199A2', '2018-10-22 14:30:43', 'ADD58453-6F72-DEE0-8FA6-43AEDBFBD8B6');
INSERT INTO `he_operate` VALUES ('53D20D51-6A1D-FC24-5EB0-609E5AACB8C9', 'BF94B74B-4F8A-6F3D-779D-BDD6A95EB52F', '867BBC5F-CD46-0C81-691E-7B775F012E5A', '延误任务2', '完成了任务', 'C4BEF830-47FD-AD69-E131-5440B81199A2', '2018-10-29 10:46:01', 'ADD58453-6F72-DEE0-8FA6-43AEDBFBD8B6');
INSERT INTO `he_operate` VALUES ('53E980F5-C8BE-6EE4-2C86-83E7863AEDE4', 'F3087F49-FB5F-83EE-9EB0-8AF113B72930', '867BBC5F-CD46-0C81-691E-7B775F012E5A', '21312312321', '创建了任务', 'C4BEF830-47FD-AD69-E131-5440B81199A2', '2018-10-15 15:30:29', 'ADD58453-6F72-DEE0-8FA6-43AEDBFBD8B6');
INSERT INTO `he_operate` VALUES ('548B15DE-6E0F-197A-8626-032BEE8F33C7', '4BD1F26B-CFB7-161B-7EFD-72E52F3BF4A4', '867BBC5F-CD46-0C81-691E-7B775F012E5A', 'cefds', '完成了任务', 'C4BEF830-47FD-AD69-E131-5440B81199A2', '2018-10-12 10:56:06', 'ADD58453-6F72-DEE0-8FA6-43AEDBFBD8B6');
INSERT INTO `he_operate` VALUES ('55C601C5-5F0C-9A75-4C17-3F14B467BDC5', 'F57EE65E-1255-D004-037A-5EBCC005C97C', '5474426B-7665-91D4-4B41-06C9B17FED44', '12312321', '完成了任务', 'C4BEF830-47FD-AD69-E131-5440B81199A2', '2018-10-30 09:12:29', 'ADD58453-6F72-DEE0-8FA6-43AEDBFBD8B6');
INSERT INTO `he_operate` VALUES ('56E1299E-8055-AECA-5290-423CFEE6F558', '5A036636-4087-C81C-6833-54C75492300C', '7709F52F-A4D7-906E-4EF4-7EE50A28B389', '321321321', '删除了任务', 'C4BEF830-47FD-AD69-E131-5440B81199A2', '2018-10-12 10:56:34', 'ADD58453-6F72-DEE0-8FA6-43AEDBFBD8B6');
INSERT INTO `he_operate` VALUES ('58CE0462-7F12-5908-4D6B-3AEB0A2E07DB', 'F9ACA4CA-E851-DAAA-4A17-A163DC338A41', '867BBC5F-CD46-0C81-691E-7B775F012E5A', 'fsdfsdfs', '完成了任务', 'C4BEF830-47FD-AD69-E131-5440B81199A2', '2018-10-12 10:56:08', 'ADD58453-6F72-DEE0-8FA6-43AEDBFBD8B6');
INSERT INTO `he_operate` VALUES ('59F968C0-6833-84E4-5290-01277B32D130', '99CB137E-AEAE-F1E4-4168-9F3DFBE97D62', '867BBC5F-CD46-0C81-691E-7B775F012E5A', '完成任务5', '完成了任务', 'C4BEF830-47FD-AD69-E131-5440B81199A2', '2018-10-29 10:46:01', 'ADD58453-6F72-DEE0-8FA6-43AEDBFBD8B6');
INSERT INTO `he_operate` VALUES ('5B64BFC4-D8C2-DEBD-7938-F61A65D4C5DB', 'F70FE0FC-A2C8-FDF7-5C3F-9E2B60A3227B', '867BBC5F-CD46-0C81-691E-7B775F012E5A', '为了通知', '完成了任务', 'C4BEF830-47FD-AD69-E131-5440B81199A2', '2018-10-29 09:06:21', 'ADD58453-6F72-DEE0-8FA6-43AEDBFBD8B6');
INSERT INTO `he_operate` VALUES ('5DCFF030-E9AF-DA47-5765-89E1DF4B9E66', '1A876675-258D-7707-E02C-F5D6D7750589', '867BBC5F-CD46-0C81-691E-7B775F012E5A', '321', '创建了任务', 'C4BEF830-47FD-AD69-E131-5440B81199A2', '2018-10-12 10:56:26', 'ADD58453-6F72-DEE0-8FA6-43AEDBFBD8B6');
INSERT INTO `he_operate` VALUES ('6002422A-0FFB-3047-042F-BD1AD9072427', '71A837DC-3FC7-1302-E2B7-49E89FAFEBAD', '867BBC5F-CD46-0C81-691E-7B775F012E5A', '1221', '完成了任务', 'C4BEF830-47FD-AD69-E131-5440B81199A2', '2018-10-12 10:56:10', 'ADD58453-6F72-DEE0-8FA6-43AEDBFBD8B6');
INSERT INTO `he_operate` VALUES ('62C76CC1-D48E-E331-CFF9-82CB82CAB9CF', 'FD8188C6-7BF4-E178-A3A1-5421696A47B5', '867BBC5F-CD46-0C81-691E-7B775F012E5A', '312312231', '完成了任务', 'C4BEF830-47FD-AD69-E131-5440B81199A2', '2018-11-01 11:22:58', 'ADD58453-6F72-DEE0-8FA6-43AEDBFBD8B6');
INSERT INTO `he_operate` VALUES ('62FAB091-F61F-A5D1-D305-0BEE5290D208', '667485D3-C1FB-3381-70BF-6F043BF0EF44', '867BBC5F-CD46-0C81-691E-7B775F012E5A', '超过完成时间，显示红色', '完成了任务', 'C4BEF830-47FD-AD69-E131-5440B81199A2', '2018-10-22 14:24:19', 'ADD58453-6F72-DEE0-8FA6-43AEDBFBD8B6');
INSERT INTO `he_operate` VALUES ('639D018B-8308-34CF-745E-E22554D7F611', 'BBB00EA7-6538-7F4B-88A7-64751C2C4414', '867BBC5F-CD46-0C81-691E-7B775F012E5A', '延误任务3', '完成了任务', 'C4BEF830-47FD-AD69-E131-5440B81199A2', '2018-10-29 10:45:56', 'ADD58453-6F72-DEE0-8FA6-43AEDBFBD8B6');
INSERT INTO `he_operate` VALUES ('645B599D-C868-9477-8034-54775066FA9C', 'C11835BB-A82F-5402-4009-8C41355A1488', '867BBC5F-CD46-0C81-691E-7B775F012E5A', '123', '创建了任务', '650F708A-7C35-AF46-52C4-2C2A819861F2', '2018-10-12 10:55:43', 'ADD58453-6F72-DEE0-8FA6-43AEDBFBD8B6');
INSERT INTO `he_operate` VALUES ('64C371E2-2E36-95FD-FB6D-83586793146C', '5AD32081-8B17-E35B-5870-58E03114A0AB', '7709F52F-A4D7-906E-4EF4-7EE50A28B389', '312321321', '删除了任务', 'C4BEF830-47FD-AD69-E131-5440B81199A2', '2018-10-12 10:56:33', 'ADD58453-6F72-DEE0-8FA6-43AEDBFBD8B6');
INSERT INTO `he_operate` VALUES ('6722B1CC-2314-9B68-30AC-CC8ED2FD4B10', '0D4C03C7-1801-03A4-CB07-E8B8B3192F40', '867BBC5F-CD46-0C81-691E-7B775F012E5A', '4312321', '创建了任务', 'C4BEF830-47FD-AD69-E131-5440B81199A2', '2018-11-01 15:55:29', 'ADD58453-6F72-DEE0-8FA6-43AEDBFBD8B6');
INSERT INTO `he_operate` VALUES ('685FBFC7-17EE-B0C7-A9DD-3C3E5E1E03F2', '505C7080-7322-3633-21F6-74C9CB3B446D', '867BBC5F-CD46-0C81-691E-7B775F012E5A', '为了通知', '完成了任务', 'C4BEF830-47FD-AD69-E131-5440B81199A2', '2018-10-22 20:29:05', 'ADD58453-6F72-DEE0-8FA6-43AEDBFBD8B6');
INSERT INTO `he_operate` VALUES ('68F99CDB-953F-6BF9-B93F-98D8A41F2E8B', '7ED71DCC-DCBA-9ABA-5724-7ECB265C953E', '867BBC5F-CD46-0C81-691E-7B775F012E5A', '完成任务4', '完成了任务', '650F708A-7C35-AF46-52C4-2C2A819861F2', '2018-10-23 10:26:27', 'ADD58453-6F72-DEE0-8FA6-43AEDBFBD8B6');
INSERT INTO `he_operate` VALUES ('69035BD7-9B08-F8B3-61B0-980DC505B49F', 'F57EE65E-1255-D004-037A-5EBCC005C97C', '5474426B-7665-91D4-4B41-06C9B17FED44', '12312321', '创建了任务', '650F708A-7C35-AF46-52C4-2C2A819861F2', '2018-10-25 10:37:07', 'ADD58453-6F72-DEE0-8FA6-43AEDBFBD8B6');
INSERT INTO `he_operate` VALUES ('696C980E-77D3-9BA8-C2D7-0F9D1E9C018D', '14997EC6-9C19-5623-D9D1-18BCCBE6C749', 'A315C9B8-4DF0-31BE-43CA-093AE37B44EA', '31321321', '完成了任务', 'C4BEF830-47FD-AD69-E131-5440B81199A2', '2018-10-22 14:25:16', 'ADD58453-6F72-DEE0-8FA6-43AEDBFBD8B6');
INSERT INTO `he_operate` VALUES ('698B0B7D-CD72-1B7F-96E2-0423BF0580A2', '23D5F328-EA60-97B9-8FA8-B90B517ADB1F', '867BBC5F-CD46-0C81-691E-7B775F012E5A', '123', '创建了任务', 'C4BEF830-47FD-AD69-E131-5440B81199A2', '2018-11-01 10:59:10', 'ADD58453-6F72-DEE0-8FA6-43AEDBFBD8B6');
INSERT INTO `he_operate` VALUES ('69D97423-9DB6-4B40-7CD2-A18EDC01C01A', 'BFBB16D9-5B46-BC64-E4A5-49988FF9028F', '867BBC5F-CD46-0C81-691E-7B775F012E5A', '312321312', '完成了任务', 'C4BEF830-47FD-AD69-E131-5440B81199A2', '2018-10-11 10:56:11', 'ADD58453-6F72-DEE0-8FA6-43AEDBFBD8B6');
INSERT INTO `he_operate` VALUES ('6BABBC9B-EDBA-7122-F84F-975C3975FA04', '08B2B1FD-43A1-1103-0CCB-4CD3139E26B3', 'A315C9B8-4DF0-31BE-43CA-093AE37B44EA', 'asdasd', '创建了任务', 'C4BEF830-47FD-AD69-E131-5440B81199A2', '2018-10-16 18:31:22', 'ADD58453-6F72-DEE0-8FA6-43AEDBFBD8B6');
INSERT INTO `he_operate` VALUES ('6E2E4C31-1074-4524-0E94-47A8FBE77289', '6CED8B25-EC93-C235-F281-3B42197AA37D', 'A315C9B8-4DF0-31BE-43CA-093AE37B44EA', '321321132', '完成了任务', 'C4BEF830-47FD-AD69-E131-5440B81199A2', '2018-10-06 10:56:12', 'ADD58453-6F72-DEE0-8FA6-43AEDBFBD8B6');
INSERT INTO `he_operate` VALUES ('6E2F847F-28BF-252F-57E0-D867DA72100C', '9CF532A4-8324-D92D-D371-D2779B7BFA79', '867BBC5F-CD46-0C81-691E-7B775F012E5A', '321', '创建了任务', 'C4BEF830-47FD-AD69-E131-5440B81199A2', '2018-11-01 11:18:55', 'ADD58453-6F72-DEE0-8FA6-43AEDBFBD8B6');
INSERT INTO `he_operate` VALUES ('6E718209-9149-C80D-2409-52E1C26D9705', '0034FDA9-1D80-49A3-0F1A-A751935C0DFC', '867BBC5F-CD46-0C81-691E-7B775F012E5A', '321312321', '创建了任务', 'C4BEF830-47FD-AD69-E131-5440B81199A2', '2018-10-10 10:55:42', 'ADD58453-6F72-DEE0-8FA6-43AEDBFBD8B6');
INSERT INTO `he_operate` VALUES ('6FC10468-DAE3-8E7A-4101-26FD6AFC3D48', 'CCE156E8-3164-8660-4016-D91990C9BC99', '867BBC5F-CD46-0C81-691E-7B775F012E5A', '213', '完成了任务', 'C4BEF830-47FD-AD69-E131-5440B81199A2', '2018-10-15 15:36:20', 'ADD58453-6F72-DEE0-8FA6-43AEDBFBD8B6');
INSERT INTO `he_operate` VALUES ('715D7B7D-0591-661A-E614-7969EEF56DF9', 'B3460D02-5AFA-E5E7-CE50-ED19537A5F0B', '867BBC5F-CD46-0C81-691E-7B775F012E5A', '321', '创建了任务', 'C4BEF830-47FD-AD69-E131-5440B81199A2', '2018-11-01 11:31:05', 'ADD58453-6F72-DEE0-8FA6-43AEDBFBD8B6');
INSERT INTO `he_operate` VALUES ('72088F74-A770-FC75-782D-1748B7FCAA96', 'DCCBBE96-98E4-F9B9-B97F-591BBEBF6F66', '7709F52F-A4D7-906E-4EF4-7EE50A28B389', '312312', '创建了任务', 'C4BEF830-47FD-AD69-E131-5440B81199A2', '2018-10-10 10:55:41', 'ADD58453-6F72-DEE0-8FA6-43AEDBFBD8B6');
INSERT INTO `he_operate` VALUES ('73ED81B6-D9A4-995B-4F8D-6CC1DE5C6A1F', '6B7D63BD-2E2D-105A-1AC2-33B6F0D2123D', '7709F52F-A4D7-906E-4EF4-7EE50A28B389', 'henaho ', '创建了任务', 'C4BEF830-47FD-AD69-E131-5440B81199A2', '2018-10-15 15:26:40', 'ADD58453-6F72-DEE0-8FA6-43AEDBFBD8B6');
INSERT INTO `he_operate` VALUES ('76787CF4-A650-518A-A65F-86EFAE4605E5', '8D9DE08B-035A-B560-2800-4A39223B7AAA', '867BBC5F-CD46-0C81-691E-7B775F012E5A', '3213212112', '创建了任务', 'C4BEF830-47FD-AD69-E131-5440B81199A2', '2018-10-16 11:10:18', 'ADD58453-6F72-DEE0-8FA6-43AEDBFBD8B6');
INSERT INTO `he_operate` VALUES ('770255F3-0753-6A3B-84AB-9C4DC7CD0F76', '32C053FC-3C09-3130-9FE7-C3A5068C76E2', '867BBC5F-CD46-0C81-691E-7B775F012E5A', '21312312', '创建了任务', 'C4BEF830-47FD-AD69-E131-5440B81199A2', '2018-10-15 15:36:25', 'ADD58453-6F72-DEE0-8FA6-43AEDBFBD8B6');
INSERT INTO `he_operate` VALUES ('793EEE60-8FD1-1AD2-DE17-97931CD88650', '93CB6172-3FD4-A560-61EB-80BB74028D0A', '867BBC5F-CD46-0C81-691E-7B775F012E5A', '完成任务6', '完成了任务', 'C4BEF830-47FD-AD69-E131-5440B81199A2', '2018-10-29 10:46:03', 'ADD58453-6F72-DEE0-8FA6-43AEDBFBD8B6');
INSERT INTO `he_operate` VALUES ('796C5B8A-3651-C72D-8A52-6B048FE0F9EA', '2480F43B-9703-7554-9D0E-6C7A5AB46413', '7709F52F-A4D7-906E-4EF4-7EE50A28B389', 'nihao ', '创建了任务', 'C4BEF830-47FD-AD69-E131-5440B81199A2', '2018-10-15 15:26:31', 'ADD58453-6F72-DEE0-8FA6-43AEDBFBD8B6');
INSERT INTO `he_operate` VALUES ('7BB2F0AC-C38A-49D8-D1B1-0F5EE4760B32', '618309EA-BCA3-3639-B5B0-448978993187', '867BBC5F-CD46-0C81-691E-7B775F012E5A', '完成通知任务', '完成了任务', 'C4BEF830-47FD-AD69-E131-5440B81199A2', '2018-10-18 11:17:50', 'ADD58453-6F72-DEE0-8FA6-43AEDBFBD8B6');
INSERT INTO `he_operate` VALUES ('7F250087-D621-95AD-E270-7EFD9EA8D68B', '69943130-4887-4EEF-1575-8CBB56D2A04E', '867BBC5F-CD46-0C81-691E-7B775F012E5A', '你好呀', '创建了任务', 'C4BEF830-47FD-AD69-E131-5440B81199A2', '2018-11-01 16:34:59', 'ADD58453-6F72-DEE0-8FA6-43AEDBFBD8B6');
INSERT INTO `he_operate` VALUES ('83BA6352-EDAD-7F45-350C-53456D662AA1', 'BFBB16D9-5B46-BC64-E4A5-49988FF9028F', '867BBC5F-CD46-0C81-691E-7B775F012E5A', '312321312', '创建了任务', 'C4BEF830-47FD-AD69-E131-5440B81199A2', '2018-10-12 10:55:41', 'ADD58453-6F72-DEE0-8FA6-43AEDBFBD8B6');
INSERT INTO `he_operate` VALUES ('84FD7399-9F73-C814-BD8F-F28FE57CC164', '4C383B16-5728-98D3-494D-84CB831C5D23', '867BBC5F-CD46-0C81-691E-7B775F012E5A', '31231221', '创建了任务', 'C4BEF830-47FD-AD69-E131-5440B81199A2', '2018-11-01 15:55:35', 'ADD58453-6F72-DEE0-8FA6-43AEDBFBD8B6');
INSERT INTO `he_operate` VALUES ('8568C768-888C-F4F2-0807-4A48EA9155CA', '9CF532A4-8324-D92D-D371-D2779B7BFA79', '867BBC5F-CD46-0C81-691E-7B775F012E5A', '321', '完成了任务', 'C4BEF830-47FD-AD69-E131-5440B81199A2', '2018-11-01 11:19:46', 'ADD58453-6F72-DEE0-8FA6-43AEDBFBD8B6');
INSERT INTO `he_operate` VALUES ('86E301ED-16E2-4205-7DE7-BA2D734739F1', 'BEDA1F22-919A-D590-AA59-820B88CD1DAF', '867BBC5F-CD46-0C81-691E-7B775F012E5A', '312312312312312', '完成了任务', 'C4BEF830-47FD-AD69-E131-5440B81199A2', '2018-10-18 11:17:44', 'ADD58453-6F72-DEE0-8FA6-43AEDBFBD8B6');
INSERT INTO `he_operate` VALUES ('874BE18E-8419-412A-508D-884BE6DF16E5', '1884125F-2CD3-A7D5-45B6-ACA11A96804D', '867BBC5F-CD46-0C81-691E-7B775F012E5A', '321', '创建了任务', 'C4BEF830-47FD-AD69-E131-5440B81199A2', '2018-10-18 16:03:43', 'ADD58453-6F72-DEE0-8FA6-43AEDBFBD8B6');
INSERT INTO `he_operate` VALUES ('880C938D-2D34-3B51-056F-FB121EA6F00A', '70F29C24-728B-B04C-5C11-0C5952224946', '867BBC5F-CD46-0C81-691E-7B775F012E5A', '123', '创建了任务', 'C4BEF830-47FD-AD69-E131-5440B81199A2', '2018-11-01 16:35:08', 'ADD58453-6F72-DEE0-8FA6-43AEDBFBD8B6');
INSERT INTO `he_operate` VALUES ('8890414E-55CE-931B-B099-7DC765B6FC80', '02098453-A5B3-3C39-A474-337BF7CF5758', '7709F52F-A4D7-906E-4EF4-7EE50A28B389', '321312321', '创建了任务', 'C4BEF830-47FD-AD69-E131-5440B81199A2', '2018-10-04 10:55:40', 'ADD58453-6F72-DEE0-8FA6-43AEDBFBD8B6');
INSERT INTO `he_operate` VALUES ('8BC57AC1-0A25-1F27-6A5C-379B26EAB787', '8259E9C9-22FC-6AAA-6CAD-74D268BE1496', '867BBC5F-CD46-0C81-691E-7B775F012E5A', '成员任务成员任务成员任务成员任务成员任务成员任务成员任务成员任务成员任务成员任务成员任务成员任务', '创建了任务', '650F708A-7C35-AF46-52C4-2C2A819861F2', '2018-10-25 10:47:25', 'ADD58453-6F72-DEE0-8FA6-43AEDBFBD8B6');
INSERT INTO `he_operate` VALUES ('8BD938F0-3865-C4CE-1085-5D3A954253A4', '71A837DC-3FC7-1302-E2B7-49E89FAFEBAD', '867BBC5F-CD46-0C81-691E-7B775F012E5A', '1221', '创建了任务', 'C4BEF830-47FD-AD69-E131-5440B81199A2', '2018-10-11 10:55:40', 'ADD58453-6F72-DEE0-8FA6-43AEDBFBD8B6');
INSERT INTO `he_operate` VALUES ('8E8592A5-E47F-BAF8-9FA9-5158186E7368', '3BC8EB7E-DF72-DE40-1659-01F2F8CA13E8', '7709F52F-A4D7-906E-4EF4-7EE50A28B389', '输入任务详情的地方，日期选择是完成任务的时间', '创建了任务', 'C4BEF830-47FD-AD69-E131-5440B81199A2', '2018-10-22 09:40:34', 'ADD58453-6F72-DEE0-8FA6-43AEDBFBD8B6');
INSERT INTO `he_operate` VALUES ('8F33E226-89BF-F9FA-E30C-733734454F53', '1C29F1E4-C584-50E3-7964-5A7863146DD6', '7709F52F-A4D7-906E-4EF4-7EE50A28B389', '312312', '完成了任务', 'C4BEF830-47FD-AD69-E131-5440B81199A2', '2018-10-30 09:12:36', 'ADD58453-6F72-DEE0-8FA6-43AEDBFBD8B6');
INSERT INTO `he_operate` VALUES ('8F6567D3-6431-586D-9EE9-818A3969EB2B', '78C15257-F829-E3ED-26E6-FE87A24488DD', '867BBC5F-CD46-0C81-691E-7B775F012E5A', '完成任务2', '完成了任务', 'C4BEF830-47FD-AD69-E131-5440B81199A2', '2018-10-29 10:45:58', 'ADD58453-6F72-DEE0-8FA6-43AEDBFBD8B6');
INSERT INTO `he_operate` VALUES ('8F91E736-EA65-0527-1981-8402D9846EAD', 'DAB58BD9-8DA7-9677-9330-373317E029C1', '5474426B-7665-91D4-4B41-06C9B17FED44', '延误任务2', '创建了任务', 'C4BEF830-47FD-AD69-E131-5440B81199A2', '2018-10-22 14:32:16', 'ADD58453-6F72-DEE0-8FA6-43AEDBFBD8B6');
INSERT INTO `he_operate` VALUES ('92D2E91A-0C23-3786-F8E2-7C6263018E58', 'F70FE0FC-A2C8-FDF7-5C3F-9E2B60A3227B', '867BBC5F-CD46-0C81-691E-7B775F012E5A', '为了通知', '创建了任务', 'C4BEF830-47FD-AD69-E131-5440B81199A2', '2018-10-22 15:31:54', 'ADD58453-6F72-DEE0-8FA6-43AEDBFBD8B6');
INSERT INTO `he_operate` VALUES ('92F8ACE0-CE4C-2C28-78D6-4159CB76E2E6', '7AFEAA35-059D-FD6B-7D6D-BBC8F90D04FC', '867BBC5F-CD46-0C81-691E-7B775F012E5A', '123', '创建了任务', 'C4BEF830-47FD-AD69-E131-5440B81199A2', '2018-10-18 16:00:27', 'ADD58453-6F72-DEE0-8FA6-43AEDBFBD8B6');
INSERT INTO `he_operate` VALUES ('935FCDC3-368F-09E1-058B-BA6C6D913C81', '6EDA7778-8B3F-FCF2-119D-95DC82339391', '5474426B-7665-91D4-4B41-06C9B17FED44', '13', '完成了任务', 'C4BEF830-47FD-AD69-E131-5440B81199A2', '2018-11-01 11:05:54', 'ADD58453-6F72-DEE0-8FA6-43AEDBFBD8B6');
INSERT INTO `he_operate` VALUES ('93758F10-09EF-6C1F-E4FC-C6971076709C', 'C018628D-1F99-774F-4E7A-452E1A3BD5AA', '867BBC5F-CD46-0C81-691E-7B775F012E5A', '为了通知', '创建了任务', 'C4BEF830-47FD-AD69-E131-5440B81199A2', '2018-10-22 15:31:52', 'ADD58453-6F72-DEE0-8FA6-43AEDBFBD8B6');
INSERT INTO `he_operate` VALUES ('99E7856F-734E-4522-5BCE-4C140C73E430', 'A952B7F7-1FFF-20FA-824E-8EAE89E6DE68', '867BBC5F-CD46-0C81-691E-7B775F012E5A', '321', '完成了任务', 'C4BEF830-47FD-AD69-E131-5440B81199A2', '2018-11-01 11:21:32', 'ADD58453-6F72-DEE0-8FA6-43AEDBFBD8B6');
INSERT INTO `he_operate` VALUES ('9BEE085C-BD0C-7BB9-91FA-FB194B9DDCC1', '2448C5B9-F987-2D3E-E169-5A9FD6B7D5FD', '5474426B-7665-91D4-4B41-06C9B17FED44', '321', '创建了任务', 'C4BEF830-47FD-AD69-E131-5440B81199A2', '2018-10-18 19:12:58', 'ADD58453-6F72-DEE0-8FA6-43AEDBFBD8B6');
INSERT INTO `he_operate` VALUES ('9DB6ABDB-4A48-51B8-ED21-16FDCF888314', '1A876675-258D-7707-E02C-F5D6D7750589', '867BBC5F-CD46-0C81-691E-7B775F012E5A', '321', '完成了任务', 'C4BEF830-47FD-AD69-E131-5440B81199A2', '2018-10-12 10:56:15', 'ADD58453-6F72-DEE0-8FA6-43AEDBFBD8B6');
INSERT INTO `he_operate` VALUES ('A1606552-BC80-21C4-B0F0-6B1114164BE5', 'FD8188C6-7BF4-E178-A3A1-5421696A47B5', '867BBC5F-CD46-0C81-691E-7B775F012E5A', '312312231', '创建了任务', 'C4BEF830-47FD-AD69-E131-5440B81199A2', '2018-11-01 11:22:54', 'ADD58453-6F72-DEE0-8FA6-43AEDBFBD8B6');
INSERT INTO `he_operate` VALUES ('A1FEA1F3-A315-1AE5-22C8-479C436B744C', '0034FDA9-1D80-49A3-0F1A-A751935C0DFC', '867BBC5F-CD46-0C81-691E-7B775F012E5A', '321312321', '删除了任务', 'C4BEF830-47FD-AD69-E131-5440B81199A2', '2018-10-10 10:56:31', 'ADD58453-6F72-DEE0-8FA6-43AEDBFBD8B6');
INSERT INTO `he_operate` VALUES ('A38916E1-23A8-0F06-0E57-D80D1857B23F', '1C29F1E4-C584-50E3-7964-5A7863146DD6', '7709F52F-A4D7-906E-4EF4-7EE50A28B389', '312312', '创建了任务', 'C4BEF830-47FD-AD69-E131-5440B81199A2', '2018-10-22 20:08:26', 'ADD58453-6F72-DEE0-8FA6-43AEDBFBD8B6');
INSERT INTO `he_operate` VALUES ('A67CEEF3-9FC7-A1BF-DA48-00D957CCC4E5', 'D1EC5DAA-299B-9FCC-E1B4-3622C63300B4', '867BBC5F-CD46-0C81-691E-7B775F012E5A', '连泳怡', '创建了任务', 'C4BEF830-47FD-AD69-E131-5440B81199A2', '2018-11-01 22:20:51', 'ADD58453-6F72-DEE0-8FA6-43AEDBFBD8B6');
INSERT INTO `he_operate` VALUES ('AA990600-DDE8-81FF-7A17-5C4C0C3561B3', '618309EA-BCA3-3639-B5B0-448978993187', '867BBC5F-CD46-0C81-691E-7B775F012E5A', '完成通知任务', '创建了任务', 'C4BEF830-47FD-AD69-E131-5440B81199A2', '2018-10-15 15:33:09', 'ADD58453-6F72-DEE0-8FA6-43AEDBFBD8B6');
INSERT INTO `he_operate` VALUES ('AAD45214-4D17-93CE-7C26-C16B603688D1', '4E1A9978-B82D-F087-5DD0-DD385825955C', '867BBC5F-CD46-0C81-691E-7B775F012E5A', '321312321', '创建了任务', 'C4BEF830-47FD-AD69-E131-5440B81199A2', '2018-10-12 10:55:39', 'ADD58453-6F72-DEE0-8FA6-43AEDBFBD8B6');
INSERT INTO `he_operate` VALUES ('AB27C3CF-4776-1735-8489-4B259B8B9F18', 'C477E96D-9958-C24C-A32C-4BD170AC8EF8', 'A315C9B8-4DF0-31BE-43CA-093AE37B44EA', '123123', '完成了任务', 'C4BEF830-47FD-AD69-E131-5440B81199A2', '2018-10-12 10:56:17', 'ADD58453-6F72-DEE0-8FA6-43AEDBFBD8B6');
INSERT INTO `he_operate` VALUES ('ABA4988B-1DE0-FE61-F769-44464FD75FE6', 'F9ACA4CA-E851-DAAA-4A17-A163DC338A41', '867BBC5F-CD46-0C81-691E-7B775F012E5A', 'fsdfsdfs', '创建了任务', 'C4BEF830-47FD-AD69-E131-5440B81199A2', '2018-10-12 10:55:38', 'ADD58453-6F72-DEE0-8FA6-43AEDBFBD8B6');
INSERT INTO `he_operate` VALUES ('AD9A0248-1E16-0661-C41C-54C6020F6BE6', 'ADF0D09E-D0F3-6B1B-165F-E3A191E93D70', '867BBC5F-CD46-0C81-691E-7B775F012E5A', '测试', '创建了任务', 'C4BEF830-47FD-AD69-E131-5440B81199A2', '2018-11-01 16:34:52', 'ADD58453-6F72-DEE0-8FA6-43AEDBFBD8B6');
INSERT INTO `he_operate` VALUES ('B029266E-2E0C-CB4F-01FD-5ACF4457ADF1', '7092BAA9-C82B-2100-BDED-50FA0A219FCE', '867BBC5F-CD46-0C81-691E-7B775F012E5A', '32132121', '创建了任务', 'C4BEF830-47FD-AD69-E131-5440B81199A2', '2018-10-15 15:33:42', 'ADD58453-6F72-DEE0-8FA6-43AEDBFBD8B6');
INSERT INTO `he_operate` VALUES ('B36B2111-67EA-072B-A054-82959E4673FE', '55422A4C-CA33-4CB0-2C64-19BE02BEC1DD', '7709F52F-A4D7-906E-4EF4-7EE50A28B389', '312321321', '创建了任务', 'C4BEF830-47FD-AD69-E131-5440B81199A2', '2018-10-12 10:55:37', 'ADD58453-6F72-DEE0-8FA6-43AEDBFBD8B6');
INSERT INTO `he_operate` VALUES ('B4530E71-1793-0938-8778-FFE66E124100', 'EB402089-4254-BF98-B6CC-37E1E340E05C', '7709F52F-A4D7-906E-4EF4-7EE50A28B389', '输入任务详情的地方，日期选择是完成任务的时间', '完成了任务', 'C4BEF830-47FD-AD69-E131-5440B81199A2', '2018-10-22 14:25:03', 'ADD58453-6F72-DEE0-8FA6-43AEDBFBD8B6');
INSERT INTO `he_operate` VALUES ('B4CE7C9B-4ADB-F222-4B55-6EBC122D8A11', 'C11835BB-A82F-5402-4009-8C41355A1488', '867BBC5F-CD46-0C81-691E-7B775F012E5A', '123', '完成了任务', 'C4BEF830-47FD-AD69-E131-5440B81199A2', '2018-10-15 15:36:20', 'ADD58453-6F72-DEE0-8FA6-43AEDBFBD8B6');
INSERT INTO `he_operate` VALUES ('B513BD9A-BF38-478F-5F0D-91039F4E4D9A', 'B62B1BC4-40C7-A547-0A9C-3BCB9342E7FB', '867BBC5F-CD46-0C81-691E-7B775F012E5A', 'lzw123123', '创建了任务', 'C4BEF830-47FD-AD69-E131-5440B81199A2', '2018-10-12 10:55:36', 'ADD58453-6F72-DEE0-8FA6-43AEDBFBD8B6');
INSERT INTO `he_operate` VALUES ('B526352A-9F33-ACEB-DFF7-75898A235D7D', 'D8A6D95D-2563-CB24-D5DD-0EE8C609EC79', '867BBC5F-CD46-0C81-691E-7B775F012E5A', '为了通知', '完成了任务', 'C4BEF830-47FD-AD69-E131-5440B81199A2', '2018-10-29 09:06:20', 'ADD58453-6F72-DEE0-8FA6-43AEDBFBD8B6');
INSERT INTO `he_operate` VALUES ('B70AA544-BC5B-F0DC-DFB5-326ECCF44874', '2448C5B9-F987-2D3E-E169-5A9FD6B7D5FD', '5474426B-7665-91D4-4B41-06C9B17FED44', '321', '完成了任务', 'C4BEF830-47FD-AD69-E131-5440B81199A2', '2018-10-22 14:24:57', 'ADD58453-6F72-DEE0-8FA6-43AEDBFBD8B6');
INSERT INTO `he_operate` VALUES ('B766CC69-CB25-C2E5-AE80-0D701EBEB326', '3B1F9D0D-A556-CDE8-C3AF-9C3021CF728A', '7709F52F-A4D7-906E-4EF4-7EE50A28B389', 'ces ', '完成了任务', 'C4BEF830-47FD-AD69-E131-5440B81199A2', '2018-10-22 09:37:32', 'ADD58453-6F72-DEE0-8FA6-43AEDBFBD8B6');
INSERT INTO `he_operate` VALUES ('B8CA61DC-FA9B-1682-9784-3BE0EFCE51C1', '6131CA15-DC41-20F7-405B-4C84AD71AF6D', '867BBC5F-CD46-0C81-691E-7B775F012E5A', '为了通知', '完成了任务', 'C4BEF830-47FD-AD69-E131-5440B81199A2', '2018-10-22 20:29:06', 'ADD58453-6F72-DEE0-8FA6-43AEDBFBD8B6');
INSERT INTO `he_operate` VALUES ('B9C47272-C1C6-B6FA-683E-718FAE561DBA', '0451C580-C528-3318-A689-24CDF2B26435', '7709F52F-A4D7-906E-4EF4-7EE50A28B389', 'cesfds', '完成了任务', 'C4BEF830-47FD-AD69-E131-5440B81199A2', '2018-10-15 15:26:23', 'ADD58453-6F72-DEE0-8FA6-43AEDBFBD8B6');
INSERT INTO `he_operate` VALUES ('BB5945CA-B96C-59CF-B0F1-8DD49041A4AA', '59F720BC-9518-9B53-7CF6-AF725BC2FBDA', '867BBC5F-CD46-0C81-691E-7B775F012E5A', '为了通知', '创建了任务', 'C4BEF830-47FD-AD69-E131-5440B81199A2', '2018-10-22 15:31:45', 'ADD58453-6F72-DEE0-8FA6-43AEDBFBD8B6');
INSERT INTO `he_operate` VALUES ('BB9FD7A1-B082-4540-1D67-A04633EE3D19', 'CCE156E8-3164-8660-4016-D91990C9BC99', '867BBC5F-CD46-0C81-691E-7B775F012E5A', '213', '创建了任务', 'C4BEF830-47FD-AD69-E131-5440B81199A2', '2018-10-12 10:55:34', 'ADD58453-6F72-DEE0-8FA6-43AEDBFBD8B6');
INSERT INTO `he_operate` VALUES ('BD83E095-38E6-829C-8050-0275F5834B5B', 'BF94B74B-4F8A-6F3D-779D-BDD6A95EB52F', '867BBC5F-CD46-0C81-691E-7B775F012E5A', '延误任务2', '创建了任务', 'C4BEF830-47FD-AD69-E131-5440B81199A2', '2018-10-22 14:31:57', 'ADD58453-6F72-DEE0-8FA6-43AEDBFBD8B6');
INSERT INTO `he_operate` VALUES ('BDA98346-2F06-5E4B-5BA2-880F3A31E906', '880303A6-877A-8B87-4C74-3F64BD04FA55', '7709F52F-A4D7-906E-4EF4-7EE50A28B389', '321312312', '删除了任务', 'C4BEF830-47FD-AD69-E131-5440B81199A2', '2018-10-10 10:53:50', 'ADD58453-6F72-DEE0-8FA6-43AEDBFBD8B6');
INSERT INTO `he_operate` VALUES ('BEC2EA66-ED29-9937-78B4-365B62E62FD1', '7E1180FD-ED9F-156E-3281-E81958021BA0', '5474426B-7665-91D4-4B41-06C9B17FED44', '延误任务1', '完成了任务', 'C4BEF830-47FD-AD69-E131-5440B81199A2', '2018-10-29 09:53:55', 'ADD58453-6F72-DEE0-8FA6-43AEDBFBD8B6');
INSERT INTO `he_operate` VALUES ('BFD4C1B5-FF97-2286-819F-DE4C9746F3D8', 'F4F4F7D8-444E-8B13-BB7A-2BCFAD9D56C9', 'A315C9B8-4DF0-31BE-43CA-093AE37B44EA', '完成任务1', '创建了任务', 'C4BEF830-47FD-AD69-E131-5440B81199A2', '2018-10-22 14:31:31', 'ADD58453-6F72-DEE0-8FA6-43AEDBFBD8B6');
INSERT INTO `he_operate` VALUES ('C3BD5FB7-8C5F-6027-1FBD-D8BEC1B90BF1', '23D5F328-EA60-97B9-8FA8-B90B517ADB1F', '867BBC5F-CD46-0C81-691E-7B775F012E5A', '123', '完成了任务', 'C4BEF830-47FD-AD69-E131-5440B81199A2', '2018-11-01 11:06:06', 'ADD58453-6F72-DEE0-8FA6-43AEDBFBD8B6');
INSERT INTO `he_operate` VALUES ('C3DF0F70-64C4-AE34-0B5A-C998696E28F4', '238909C3-251B-470F-AC99-A65C2A62C5B9', '867BBC5F-CD46-0C81-691E-7B775F012E5A', '为了通知', '创建了任务', 'C4BEF830-47FD-AD69-E131-5440B81199A2', '2018-10-22 15:31:44', 'ADD58453-6F72-DEE0-8FA6-43AEDBFBD8B6');
INSERT INTO `he_operate` VALUES ('C430751C-E33A-B96D-CEFF-42583887F839', '7092BAA9-C82B-2100-BDED-50FA0A219FCE', '867BBC5F-CD46-0C81-691E-7B775F012E5A', '32132121', '完成了任务', 'C4BEF830-47FD-AD69-E131-5440B81199A2', '2018-10-18 11:17:51', 'ADD58453-6F72-DEE0-8FA6-43AEDBFBD8B6');
INSERT INTO `he_operate` VALUES ('C460AF0E-A385-407B-F2D4-4D1B57B682BA', '9DC34679-DAC6-DCA6-226A-C08242F34240', '867BBC5F-CD46-0C81-691E-7B775F012E5A', '312', '完成了任务', 'C4BEF830-47FD-AD69-E131-5440B81199A2', '2018-11-01 11:18:34', 'ADD58453-6F72-DEE0-8FA6-43AEDBFBD8B6');
INSERT INTO `he_operate` VALUES ('C47615DE-7E22-32AF-8603-C92D1C8114BD', '32C053FC-3C09-3130-9FE7-C3A5068C76E2', '867BBC5F-CD46-0C81-691E-7B775F012E5A', '21312312', '删除了任务', 'C4BEF830-47FD-AD69-E131-5440B81199A2', '2018-10-15 16:23:54', 'ADD58453-6F72-DEE0-8FA6-43AEDBFBD8B6');
INSERT INTO `he_operate` VALUES ('C51AC2DD-726F-BB33-C4F1-90229987DA40', 'EB402089-4254-BF98-B6CC-37E1E340E05C', '7709F52F-A4D7-906E-4EF4-7EE50A28B389', '输入任务详情的地方，日期选择是完成任务的时间', '创建了任务', 'C4BEF830-47FD-AD69-E131-5440B81199A2', '2018-10-22 09:59:58', 'ADD58453-6F72-DEE0-8FA6-43AEDBFBD8B6');
INSERT INTO `he_operate` VALUES ('C630C08A-D6BF-1778-C8FF-0B99C1216FBC', '5AD32081-8B17-E35B-5870-58E03114A0AB', '867BBC5F-CD46-0C81-691E-7B775F012E5A', '312321321', '创建了任务', 'C4BEF830-47FD-AD69-E131-5440B81199A2', '2018-10-12 10:55:33', 'ADD58453-6F72-DEE0-8FA6-43AEDBFBD8B6');
INSERT INTO `he_operate` VALUES ('C7A95124-8715-BBC8-1DA9-D77BD1BD851F', '557F815F-B765-018F-DFFC-CBAFE15AD692', '867BBC5F-CD46-0C81-691E-7B775F012E5A', '完成任务3', '创建了任务', 'C4BEF830-47FD-AD69-E131-5440B81199A2', '2018-10-22 14:30:50', 'ADD58453-6F72-DEE0-8FA6-43AEDBFBD8B6');
INSERT INTO `he_operate` VALUES ('C9712E3A-A666-7D80-A4C2-2A314C658DED', 'D8A6D95D-2563-CB24-D5DD-0EE8C609EC79', '867BBC5F-CD46-0C81-691E-7B775F012E5A', '为了通知', '创建了任务', 'C4BEF830-47FD-AD69-E131-5440B81199A2', '2018-10-22 15:31:51', 'ADD58453-6F72-DEE0-8FA6-43AEDBFBD8B6');
INSERT INTO `he_operate` VALUES ('CAD8E4BE-20F2-1D43-0FF5-E037D0F878A5', '395642E1-1917-387F-9143-0A49B9AEF0CA', '867BBC5F-CD46-0C81-691E-7B775F012E5A', '为了通知', '创建了任务', 'C4BEF830-47FD-AD69-E131-5440B81199A2', '2018-10-22 15:31:36', 'ADD58453-6F72-DEE0-8FA6-43AEDBFBD8B6');
INSERT INTO `he_operate` VALUES ('CCA6AECA-99A7-D52C-0BC7-C3BC642D2814', '6EDA7778-8B3F-FCF2-119D-95DC82339391', '5474426B-7665-91D4-4B41-06C9B17FED44', '13', '创建了任务', 'C4BEF830-47FD-AD69-E131-5440B81199A2', '2018-10-30 09:13:40', 'ADD58453-6F72-DEE0-8FA6-43AEDBFBD8B6');
INSERT INTO `he_operate` VALUES ('CE66D23C-4F71-ABA2-79E3-303407810415', '2480F43B-9703-7554-9D0E-6C7A5AB46413', '7709F52F-A4D7-906E-4EF4-7EE50A28B389', 'nihao ', '删除了任务', 'C4BEF830-47FD-AD69-E131-5440B81199A2', '2018-10-15 19:10:30', 'ADD58453-6F72-DEE0-8FA6-43AEDBFBD8B6');
INSERT INTO `he_operate` VALUES ('CE936754-B650-E6F4-0D06-D1FC04397778', 'C03A5489-9766-80BE-D200-EA63C1AB8FC4', '867BBC5F-CD46-0C81-691E-7B775F012E5A', '为了通知', '完成了任务', 'C4BEF830-47FD-AD69-E131-5440B81199A2', '2018-10-29 09:06:20', 'ADD58453-6F72-DEE0-8FA6-43AEDBFBD8B6');
INSERT INTO `he_operate` VALUES ('D1463902-40C5-D988-084A-0ECC60502D48', 'B0968D6F-32B4-1C7B-6D06-0162596B9D3A', 'A315C9B8-4DF0-31BE-43CA-093AE37B44EA', '31232123131232131312', '创建了任务', 'C4BEF830-47FD-AD69-E131-5440B81199A2', '2018-10-12 10:55:22', 'ADD58453-6F72-DEE0-8FA6-43AEDBFBD8B6');
INSERT INTO `he_operate` VALUES ('D210A246-FBB1-2C85-9B0A-F557ABFA5519', 'BF45FB33-B1BA-2E2F-93C0-B12544CC0ADD', '5474426B-7665-91D4-4B41-06C9B17FED44', '123', '完成了任务', 'C4BEF830-47FD-AD69-E131-5440B81199A2', '2018-10-29 09:49:10', 'ADD58453-6F72-DEE0-8FA6-43AEDBFBD8B6');
INSERT INTO `he_operate` VALUES ('D4A71E72-B12B-375F-8DA0-C6C5E54F70AD', '8DC2A507-F2FE-0D34-E549-3EB5C7BB3088', '867BBC5F-CD46-0C81-691E-7B775F012E5A', '缴费', '完成了任务', 'C4BEF830-47FD-AD69-E131-5440B81199A2', '2018-10-17 10:06:47', 'ADD58453-6F72-DEE0-8FA6-43AEDBFBD8B6');
INSERT INTO `he_operate` VALUES ('D4C4A73E-614C-B4B2-AC20-3226C11E7602', '55422A4C-CA33-4CB0-2C64-19BE02BEC1DD', '7709F52F-A4D7-906E-4EF4-7EE50A28B389', '312321321', '完成了任务', 'C4BEF830-47FD-AD69-E131-5440B81199A2', '2018-10-12 10:56:20', 'ADD58453-6F72-DEE0-8FA6-43AEDBFBD8B6');
INSERT INTO `he_operate` VALUES ('D51D9086-9FF4-B8FE-0259-2B235EAF7C41', 'B53D0113-EB8D-CDD0-8263-3EC7CEF4AC4D', '867BBC5F-CD46-0C81-691E-7B775F012E5A', '再次测试', '删除了任务', 'C4BEF830-47FD-AD69-E131-5440B81199A2', '2018-10-15 19:10:11', 'ADD58453-6F72-DEE0-8FA6-43AEDBFBD8B6');
INSERT INTO `he_operate` VALUES ('DA124A20-DED8-5B05-CF57-66E2FEF39B57', 'A7146512-8D4D-7AE0-B893-1B6B563F5797', '867BBC5F-CD46-0C81-691E-7B775F012E5A', '为了通知', '创建了任务', 'C4BEF830-47FD-AD69-E131-5440B81199A2', '2018-10-22 15:31:41', 'ADD58453-6F72-DEE0-8FA6-43AEDBFBD8B6');
INSERT INTO `he_operate` VALUES ('DA541A33-3013-373F-ED97-3775F743C514', '8D9DE08B-035A-B560-2800-4A39223B7AAA', '867BBC5F-CD46-0C81-691E-7B775F012E5A', '3213212112', '完成了任务', 'C4BEF830-47FD-AD69-E131-5440B81199A2', '2018-10-18 11:17:21', 'ADD58453-6F72-DEE0-8FA6-43AEDBFBD8B6');
INSERT INTO `he_operate` VALUES ('DA706B57-4757-2808-DEFB-27DC6EC033ED', '505C7080-7322-3633-21F6-74C9CB3B446D', '867BBC5F-CD46-0C81-691E-7B775F012E5A', '为了通知', '创建了任务', 'C4BEF830-47FD-AD69-E131-5440B81199A2', '2018-10-22 15:31:33', 'ADD58453-6F72-DEE0-8FA6-43AEDBFBD8B6');
INSERT INTO `he_operate` VALUES ('DACEBD1B-3884-DEAE-221A-6EC5F111DEAA', '53C7C76E-D568-61CB-0EBC-B68A2B06C5B0', '867BBC5F-CD46-0C81-691E-7B775F012E5A', '12313', '创建了任务', 'C4BEF830-47FD-AD69-E131-5440B81199A2', '2018-11-01 22:18:21', 'ADD58453-6F72-DEE0-8FA6-43AEDBFBD8B6');
INSERT INTO `he_operate` VALUES ('DC163302-DDC3-267D-106F-0654D94E3ACE', 'BEDA1F22-919A-D590-AA59-820B88CD1DAF', '867BBC5F-CD46-0C81-691E-7B775F012E5A', '312312312312312', '创建了任务', 'C4BEF830-47FD-AD69-E131-5440B81199A2', '2018-10-12 10:55:20', 'ADD58453-6F72-DEE0-8FA6-43AEDBFBD8B6');
INSERT INTO `he_operate` VALUES ('DF1AC3FB-7402-CA3C-3FE6-CFF1333D15BB', '0AFBB5DC-ACD2-AEB0-B171-0F2C9620009A', '867BBC5F-CD46-0C81-691E-7B775F012E5A', '321321321321', '完成了任务', 'C4BEF830-47FD-AD69-E131-5440B81199A2', '2018-10-18 11:17:22', 'ADD58453-6F72-DEE0-8FA6-43AEDBFBD8B6');
INSERT INTO `he_operate` VALUES ('E338FBA8-4DCD-F2DF-807B-38A375F56D38', '6943D234-F15E-FC53-882A-3C3812133874', '7709F52F-A4D7-906E-4EF4-7EE50A28B389', '312321321321', '创建了任务', 'C4BEF830-47FD-AD69-E131-5440B81199A2', '2018-10-12 10:55:17', 'ADD58453-6F72-DEE0-8FA6-43AEDBFBD8B6');
INSERT INTO `he_operate` VALUES ('E49F781E-406D-A9CF-F455-ABE148A7F08D', '880303A6-877A-8B87-4C74-3F64BD04FA55', '7709F52F-A4D7-906E-4EF4-7EE50A28B389', '321312312', '创建了任务', 'C4BEF830-47FD-AD69-E131-5440B81199A2', '2018-10-12 10:50:56', 'ADD58453-6F72-DEE0-8FA6-43AEDBFBD8B6');
INSERT INTO `he_operate` VALUES ('E4E04FA9-2C92-014B-72C1-2B4340640B78', 'A7146512-8D4D-7AE0-B893-1B6B563F5797', '867BBC5F-CD46-0C81-691E-7B775F012E5A', '为了通知', '完成了任务', 'C4BEF830-47FD-AD69-E131-5440B81199A2', '2018-10-29 09:06:19', 'ADD58453-6F72-DEE0-8FA6-43AEDBFBD8B6');
INSERT INTO `he_operate` VALUES ('E55AF639-343E-5A5F-2746-304512E1F7BC', '10EA4CEE-8158-3233-600F-09D4E1E0DCC8', '867BBC5F-CD46-0C81-691E-7B775F012E5A', '12312', '创建了任务', 'C4BEF830-47FD-AD69-E131-5440B81199A2', '2018-11-01 15:52:51', 'ADD58453-6F72-DEE0-8FA6-43AEDBFBD8B6');
INSERT INTO `he_operate` VALUES ('E71E7FC9-AFF2-3DFF-E41C-ABD651221937', '29CC8349-6705-EEE0-F995-94E8F5F397E1', '5474426B-7665-91D4-4B41-06C9B17FED44', '完成任务2', '完成了任务', 'C4BEF830-47FD-AD69-E131-5440B81199A2', '2018-10-29 09:54:34', 'ADD58453-6F72-DEE0-8FA6-43AEDBFBD8B6');
INSERT INTO `he_operate` VALUES ('E78C5E3C-BC54-78D4-5B7E-836518C91FD9', '55C2CCBD-ED33-EE15-F28B-FDFCB4BD6841', '7709F52F-A4D7-906E-4EF4-7EE50A28B389', '123', '完成了任务', 'C4BEF830-47FD-AD69-E131-5440B81199A2', '2018-10-22 09:37:33', 'ADD58453-6F72-DEE0-8FA6-43AEDBFBD8B6');
INSERT INTO `he_operate` VALUES ('E8C9800B-0BB1-7692-84EC-51E9B3F7F341', '55BEA3D2-B892-C427-4FC8-0D32407049AF', '867BBC5F-CD46-0C81-691E-7B775F012E5A', '312312321', '删除了任务', 'C4BEF830-47FD-AD69-E131-5440B81199A2', '2018-10-15 15:56:44', 'ADD58453-6F72-DEE0-8FA6-43AEDBFBD8B6');
INSERT INTO `he_operate` VALUES ('E9124FED-C2AA-1504-7C12-02BD0A81A0D7', 'BF45FB33-B1BA-2E2F-93C0-B12544CC0ADD', '5474426B-7665-91D4-4B41-06C9B17FED44', '123', '创建了任务', 'C4BEF830-47FD-AD69-E131-5440B81199A2', '2018-10-22 20:05:54', 'ADD58453-6F72-DEE0-8FA6-43AEDBFBD8B6');
INSERT INTO `he_operate` VALUES ('EBAE4E20-9FF9-D1C3-7E54-87622F2F9E2E', 'BBB00EA7-6538-7F4B-88A7-64751C2C4414', '867BBC5F-CD46-0C81-691E-7B775F012E5A', '延误任务3', '创建了任务', 'C4BEF830-47FD-AD69-E131-5440B81199A2', '2018-10-22 14:32:01', 'ADD58453-6F72-DEE0-8FA6-43AEDBFBD8B6');
INSERT INTO `he_operate` VALUES ('EBC07A23-03EA-9CCB-5281-787A13C27731', 'C590B2E4-26C2-BFAE-65D3-A3C9BDD70C17', '867BBC5F-CD46-0C81-691E-7B775F012E5A', '123', '完成了任务', 'C4BEF830-47FD-AD69-E131-5440B81199A2', '2018-10-18 16:00:20', 'ADD58453-6F72-DEE0-8FA6-43AEDBFBD8B6');
INSERT INTO `he_operate` VALUES ('EC043885-2640-8FB7-F774-889BD8F29633', '59F720BC-9518-9B53-7CF6-AF725BC2FBDA', '867BBC5F-CD46-0C81-691E-7B775F012E5A', '为了通知', '完成了任务', 'C4BEF830-47FD-AD69-E131-5440B81199A2', '2018-10-22 20:29:06', 'ADD58453-6F72-DEE0-8FA6-43AEDBFBD8B6');
INSERT INTO `he_operate` VALUES ('EC727E2E-2D82-FB1D-F667-F3CAD5AE49C6', '6131CA15-DC41-20F7-405B-4C84AD71AF6D', '867BBC5F-CD46-0C81-691E-7B775F012E5A', '为了通知', '创建了任务', 'C4BEF830-47FD-AD69-E131-5440B81199A2', '2018-10-22 15:31:38', 'ADD58453-6F72-DEE0-8FA6-43AEDBFBD8B6');
INSERT INTO `he_operate` VALUES ('EC9E401B-CB48-2A6C-E98F-A5BF850B23FE', '0474F981-3E1B-4A99-15D6-4536A1D87877', '867BBC5F-CD46-0C81-691E-7B775F012E5A', 'cxs', '创建了任务', 'C4BEF830-47FD-AD69-E131-5440B81199A2', '2018-10-16 18:29:46', 'ADD58453-6F72-DEE0-8FA6-43AEDBFBD8B6');
INSERT INTO `he_operate` VALUES ('ECAAD022-4539-A2CD-422C-C9FC72531FBE', '29CC8349-6705-EEE0-F995-94E8F5F397E1', '5474426B-7665-91D4-4B41-06C9B17FED44', '完成任务2', '创建了任务', 'C4BEF830-47FD-AD69-E131-5440B81199A2', '2018-10-22 14:31:18', 'ADD58453-6F72-DEE0-8FA6-43AEDBFBD8B6');
INSERT INTO `he_operate` VALUES ('F0504FCC-AECB-9468-AA68-502E54E9D29F', '8DC2A507-F2FE-0D34-E549-3EB5C7BB3088', '867BBC5F-CD46-0C81-691E-7B775F012E5A', '缴费', '创建了任务', 'C4BEF830-47FD-AD69-E131-5440B81199A2', '2018-10-13 01:01:46', 'ADD58453-6F72-DEE0-8FA6-43AEDBFBD8B6');
INSERT INTO `he_operate` VALUES ('F483ED2E-902F-6DEF-D291-2AD164B22401', 'BD2F0AEF-4E26-15B2-2366-CCA95E4B7CD9', '867BBC5F-CD46-0C81-691E-7B775F012E5A', '完成任务1', '完成了任务', 'C4BEF830-47FD-AD69-E131-5440B81199A2', '2018-10-29 10:45:58', 'ADD58453-6F72-DEE0-8FA6-43AEDBFBD8B6');
INSERT INTO `he_operate` VALUES ('F52BF8D7-C17C-A34E-A297-4752DBFB31F3', 'EC98A0D5-3786-2EB1-1C90-1D766F1A45AC', '5474426B-7665-91D4-4B41-06C9B17FED44', '完成任务1', '创建了任务', 'C4BEF830-47FD-AD69-E131-5440B81199A2', '2018-10-22 14:31:14', 'ADD58453-6F72-DEE0-8FA6-43AEDBFBD8B6');
INSERT INTO `he_operate` VALUES ('F7B7AD23-938D-947D-4FD6-D0DCA049325A', '3BC8EB7E-DF72-DE40-1659-01F2F8CA13E8', '7709F52F-A4D7-906E-4EF4-7EE50A28B389', '输入任务详情的地方，日期选择是完成任务的时间', '完成了任务', 'C4BEF830-47FD-AD69-E131-5440B81199A2', '2018-10-22 09:59:11', 'ADD58453-6F72-DEE0-8FA6-43AEDBFBD8B6');
INSERT INTO `he_operate` VALUES ('F8BACB09-D98E-12A1-495D-3BC7B16206F4', '78C15257-F829-E3ED-26E6-FE87A24488DD', '867BBC5F-CD46-0C81-691E-7B775F012E5A', '完成任务2', '创建了任务', 'C4BEF830-47FD-AD69-E131-5440B81199A2', '2018-10-22 14:30:47', 'ADD58453-6F72-DEE0-8FA6-43AEDBFBD8B6');
INSERT INTO `he_operate` VALUES ('FC1FEBC7-08E2-C285-9B19-54A4CD69B19D', 'C03A5489-9766-80BE-D200-EA63C1AB8FC4', '867BBC5F-CD46-0C81-691E-7B775F012E5A', '为了通知', '创建了任务', 'C4BEF830-47FD-AD69-E131-5440B81199A2', '2018-10-22 15:31:49', 'ADD58453-6F72-DEE0-8FA6-43AEDBFBD8B6');

-- ----------------------------
-- Table structure for he_project
-- ----------------------------
DROP TABLE IF EXISTS `he_project`;
CREATE TABLE `he_project` (
  `ProjectId` varchar(36) NOT NULL COMMENT '创建的项目的标志码，项目的id',
  `ProjectName` varchar(255) DEFAULT NULL COMMENT '项目的名称',
  `ProjectIcon` varchar(255) DEFAULT NULL COMMENT '项目的图标',
  `ProjectBiref` varchar(255) DEFAULT NULL COMMENT '项目简介',
  `TeamId` varchar(36) DEFAULT NULL COMMENT '项目所属的团队id',
  `ProjectGreatUserId` varchar(36) DEFAULT NULL COMMENT '项目的创建者id',
  `ProjectGreatUserName` varchar(255) DEFAULT NULL COMMENT '项目创建者的名称',
  `ProjectGreatTime` datetime DEFAULT NULL ON UPDATE CURRENT_TIMESTAMP COMMENT '项目创建时间',
  `IsDelete` varchar(255) DEFAULT NULL COMMENT '是否被删除的状态',
  `DeleteUserId` varchar(36) DEFAULT NULL COMMENT '删除者id',
  `DeleteTime` datetime DEFAULT NULL ON UPDATE CURRENT_TIMESTAMP COMMENT '删除时间',
  PRIMARY KEY (`ProjectId`)
) ENGINE=InnoDB DEFAULT CHARSET=utf8;

-- ----------------------------
-- Records of he_project
-- ----------------------------
INSERT INTO `he_project` VALUES ('3822BEBE-A34A-121A-5266-134769FDE812', '123', 'http://php2.com:200/img/folder.png', '123123', 'ADD58453-6F72-DEE0-8FA6-43AEDBFBD8B6', 'C4BEF830-47FD-AD69-E131-5440B81199A2', '廖志伟', '2018-10-16 12:12:29', null, null, null);
INSERT INTO `he_project` VALUES ('4B3200B9-FA5F-4D88-26C3-E37BD2BE004F', '项目测试', 'http://php2.com:200/img/folder.png', '测试测试', 'ADD58453-6F72-DEE0-8FA6-43AEDBFBD8B6', 'C4BEF830-47FD-AD69-E131-5440B81199A2', '廖志伟', '2018-10-15 20:10:47', '0', null, '2018-10-15 20:10:47');
INSERT INTO `he_project` VALUES ('5474426B-7665-91D4-4B41-06C9B17FED44', '我的项目1', 'http://php2.com:200/img/folder.png', '我的项目1', 'ADD58453-6F72-DEE0-8FA6-43AEDBFBD8B6', 'C4BEF830-47FD-AD69-E131-5440B81199A2', '廖志伟', '2018-10-15 20:10:52', '0', null, '2018-10-15 20:10:52');
INSERT INTO `he_project` VALUES ('7709F52F-A4D7-906E-4EF4-7EE50A28B389', '项目测试', 'http://php2.com:200/img/folder.png', '项目测试', 'ADD58453-6F72-DEE0-8FA6-43AEDBFBD8B6', 'C4BEF830-47FD-AD69-E131-5440B81199A2', '廖志伟', '2018-10-15 20:10:53', '0', null, '2018-10-15 20:10:53');
INSERT INTO `he_project` VALUES ('867BBC5F-CD46-0C81-691E-7B775F012E5A', '鹰眼任务系统', 'http://php2.com:200/img/folder.png', '发布任务管理任务的系统', 'ADD58453-6F72-DEE0-8FA6-43AEDBFBD8B6', 'C4BEF830-47FD-AD69-E131-5440B81199A2', '廖志伟', '2018-10-15 20:10:54', '0', null, '2018-10-15 20:10:54');
INSERT INTO `he_project` VALUES ('F98F1743-56EE-1BFD-FF46-A9F1C6A7127E', '我是项目', 'http://php2.com:200/img/folder.png', '我是项目', 'ADD58453-6F72-DEE0-8FA6-43AEDBFBD8B6', 'CC79CB62-A1EC-745E-5896-99B41C4CD658', '我是廖志伟', '2018-10-30 07:47:19', null, null, null);

-- ----------------------------
-- Table structure for he_projectuser
-- ----------------------------
DROP TABLE IF EXISTS `he_projectuser`;
CREATE TABLE `he_projectuser` (
  `Id` varchar(36) NOT NULL COMMENT '唯一id',
  `TeamId` varchar(36) DEFAULT NULL COMMENT '项目所属团队的id',
  `ProjectId` varchar(36) DEFAULT NULL COMMENT '所属项目id',
  `UserId` varchar(36) DEFAULT NULL COMMENT '用户id',
  `UserName` varchar(255) DEFAULT NULL,
  `Remarks` varchar(255) DEFAULT NULL COMMENT '用户备注',
  `IsPass` int(36) DEFAULT NULL COMMENT '是否通过 0待通过 1已通过 2已拒绝',
  `CreationTime` datetime DEFAULT NULL ON UPDATE CURRENT_TIMESTAMP COMMENT '加入项目时间',
  PRIMARY KEY (`Id`)
) ENGINE=InnoDB DEFAULT CHARSET=utf8;

-- ----------------------------
-- Records of he_projectuser
-- ----------------------------
INSERT INTO `he_projectuser` VALUES ('01574FA3-0DDB-B112-518B-3416267636AA', 'ADD58453-6F72-DEE0-8FA6-43AEDBFBD8B6', '5474426B-7665-91D4-4B41-06C9B17FED44', 'C4BEF830-47FD-AD69-E131-5440B81199A2', '廖志伟', null, '1', '2018-10-08 07:35:09');
INSERT INTO `he_projectuser` VALUES ('096BFEA3-38B8-3B1A-E806-063982B14EBD', 'ADD58453-6F72-DEE0-8FA6-43AEDBFBD8B6', 'F98F1743-56EE-1BFD-FF46-A9F1C6A7127E', '9C4A7A72-FF80-06DC-C80E-C690B45C1DEB', '廖志伟7号', null, '1', '2018-10-30 07:47:26');
INSERT INTO `he_projectuser` VALUES ('14B231D3-34D4-FECA-AA03-721A89F139C2', 'ADD58453-6F72-DEE0-8FA6-43AEDBFBD8B6', '4B3200B9-FA5F-4D88-26C3-E37BD2BE004F', '1589E0EF-F963-F2B2-4640-F0343A62C0C0', '略略略', null, '1', '2018-09-28 20:42:13');
INSERT INTO `he_projectuser` VALUES ('17339716-6FF7-24B1-F3E8-71CAC1343D00', 'ADD58453-6F72-DEE0-8FA6-43AEDBFBD8B6', 'F98F1743-56EE-1BFD-FF46-A9F1C6A7127E', 'CC79CB62-A1EC-745E-5896-99B41C4CD658', '我是廖志伟', null, '1', '2018-10-30 07:47:19');
INSERT INTO `he_projectuser` VALUES ('249577B5-94E7-8F44-D53B-EDA980880725', 'ADD58453-6F72-DEE0-8FA6-43AEDBFBD8B6', '867BBC5F-CD46-0C81-691E-7B775F012E5A', 'C4BEF830-47FD-AD69-E131-5440B81199A2', '廖志伟', null, '1', '2018-10-16 08:32:07');
INSERT INTO `he_projectuser` VALUES ('3507CF59-0AB2-9741-8EB0-C445B93317E5', 'ADD58453-6F72-DEE0-8FA6-43AEDBFBD8B6', '7709F52F-A4D7-906E-4EF4-7EE50A28B389', '1589E0EF-F963-F2B2-4640-F0343A62C0C0', '廖志伟2号', null, '1', '2018-10-30 01:24:12');
INSERT INTO `he_projectuser` VALUES ('360E5470-5156-FB87-183D-B15B46110303', 'ADD58453-6F72-DEE0-8FA6-43AEDBFBD8B6', '7709F52F-A4D7-906E-4EF4-7EE50A28B389', 'C4BEF830-47FD-AD69-E131-5440B81199A2', '廖志伟', null, '1', '2018-09-28 12:43:04');
INSERT INTO `he_projectuser` VALUES ('3670CEA2-0CA7-CD40-DD95-CF00796D90F1', 'ADD58453-6F72-DEE0-8FA6-43AEDBFBD8B6', '867BBC5F-CD46-0C81-691E-7B775F012E5A', 'B87621AD-3D73-3136-890A-3B52951A5BE6', '苏辰', null, '1', '2018-10-30 05:36:33');
INSERT INTO `he_projectuser` VALUES ('62502ECB-D5E7-FF75-36D6-6C7D56204BB4', 'ADD58453-6F72-DEE0-8FA6-43AEDBFBD8B6', 'F98F1743-56EE-1BFD-FF46-A9F1C6A7127E', 'C4BEF830-47FD-AD69-E131-5440B81199A2', '廖志伟', null, '1', '2018-10-30 07:47:27');
INSERT INTO `he_projectuser` VALUES ('6F238030-AD40-26EE-1F45-6E4AEEA5FAE0', 'ADD58453-6F72-DEE0-8FA6-43AEDBFBD8B6', '867BBC5F-CD46-0C81-691E-7B775F012E5A', '791DD9ED-E760-68F4-66CB-D6ADE5BC80D7', '分到达', null, '1', '2018-10-12 07:37:15');
INSERT INTO `he_projectuser` VALUES ('8408274F-AF29-BA1E-F35D-3FE3A4C8A300', 'ADD58453-6F72-DEE0-8FA6-43AEDBFBD8B6', '5474426B-7665-91D4-4B41-06C9B17FED44', '1589E0EF-F963-F2B2-4640-F0343A62C0C0', '略略略', null, '1', '2018-10-08 07:35:15');
INSERT INTO `he_projectuser` VALUES ('87F0AD50-0858-E9E8-7CF6-0DFBAF921EE9', 'ADD58453-6F72-DEE0-8FA6-43AEDBFBD8B6', '867BBC5F-CD46-0C81-691E-7B775F012E5A', '650F708A-7C35-AF46-52C4-2C2A819861F2', '廖志伟1号', null, '1', '2018-09-30 02:39:59');
INSERT INTO `he_projectuser` VALUES ('8F1F8315-BC1D-AAC4-A721-69F4BE24F12B', 'ADD58453-6F72-DEE0-8FA6-43AEDBFBD8B6', '867BBC5F-CD46-0C81-691E-7B775F012E5A', '1589E0EF-F963-F2B2-4640-F0343A62C0C0', '略略略', null, '1', '2018-09-30 02:40:29');
INSERT INTO `he_projectuser` VALUES ('98611E65-CAE3-5C84-9A02-C2D510676A0F', 'ADD58453-6F72-DEE0-8FA6-43AEDBFBD8B6', '867BBC5F-CD46-0C81-691E-7B775F012E5A', '9C4A7A72-FF80-06DC-C80E-C690B45C1DEB', '中国人', null, '1', '2018-10-10 12:33:08');
INSERT INTO `he_projectuser` VALUES ('A4213545-0526-1CCE-E4D6-C800F852C598', 'ADD58453-6F72-DEE0-8FA6-43AEDBFBD8B6', '3822BEBE-A34A-121A-5266-134769FDE812', '791DD9ED-E760-68F4-66CB-D6ADE5BC80D7', '廖志伟6号', null, '1', '2018-10-30 01:24:40');
INSERT INTO `he_projectuser` VALUES ('A7B7AD20-4E78-305C-935F-B7DCA590965E', 'ADD58453-6F72-DEE0-8FA6-43AEDBFBD8B6', '3822BEBE-A34A-121A-5266-134769FDE812', 'C4BEF830-47FD-AD69-E131-5440B81199A2', '廖志伟', null, '1', '2018-10-16 12:12:29');
INSERT INTO `he_projectuser` VALUES ('BB83C46F-0362-8655-81E1-B97E996DF1E2', 'ADD58453-6F72-DEE0-8FA6-43AEDBFBD8B6', '3822BEBE-A34A-121A-5266-134769FDE812', '650F708A-7C35-AF46-52C4-2C2A819861F2', '连泳怡', null, '1', '2018-10-30 01:24:40');
INSERT INTO `he_projectuser` VALUES ('C1E030BE-118C-5A99-A0CF-9C31588E160A', '7AE5F355-B552-1729-76BB-6D964B41E58F', '968B634A-8136-F9A4-30CF-EE0FA6E1752B', 'C4BEF830-47FD-AD69-E131-5440B81199A2', '廖志伟', null, '1', '2018-09-25 10:47:08');
INSERT INTO `he_projectuser` VALUES ('D085A04B-B7A5-1641-8C55-1B964402ED21', 'ADD58453-6F72-DEE0-8FA6-43AEDBFBD8B6', '5474426B-7665-91D4-4B41-06C9B17FED44', '650F708A-7C35-AF46-52C4-2C2A819861F2', '廖志伟1号', null, '1', '2018-10-08 07:35:15');
INSERT INTO `he_projectuser` VALUES ('DE831CD4-89E6-0752-3E3C-70BA43E05FCE', 'ADD58453-6F72-DEE0-8FA6-43AEDBFBD8B6', '3822BEBE-A34A-121A-5266-134769FDE812', '1589E0EF-F963-F2B2-4640-F0343A62C0C0', '廖志伟2号', null, '1', '2018-10-30 01:24:41');
INSERT INTO `he_projectuser` VALUES ('EC6B67C0-8B3A-C621-652F-4748E62A2B50', 'ADD58453-6F72-DEE0-8FA6-43AEDBFBD8B6', 'F98F1743-56EE-1BFD-FF46-A9F1C6A7127E', '650F708A-7C35-AF46-52C4-2C2A819861F2', '连泳怡', null, '1', '2018-10-30 07:47:26');
INSERT INTO `he_projectuser` VALUES ('EE13B8A8-F49B-DEC2-3E28-226BCB5C364B', 'ADD58453-6F72-DEE0-8FA6-43AEDBFBD8B6', '7709F52F-A4D7-906E-4EF4-7EE50A28B389', '650F708A-7C35-AF46-52C4-2C2A819861F2', '连泳怡', null, '1', '2018-10-30 01:24:12');
INSERT INTO `he_projectuser` VALUES ('FE1B902D-AEF3-278F-DF3F-CADF58AF2C51', 'ADD58453-6F72-DEE0-8FA6-43AEDBFBD8B6', '3822BEBE-A34A-121A-5266-134769FDE812', '9C4A7A72-FF80-06DC-C80E-C690B45C1DEB', '廖志伟7号', null, '1', '2018-10-30 01:24:40');

-- ----------------------------
-- Table structure for he_task
-- ----------------------------
DROP TABLE IF EXISTS `he_task`;
CREATE TABLE `he_task` (
  `TaskId` varchar(36) NOT NULL COMMENT '任务id',
  `TaskTeamId` varchar(36) DEFAULT NULL COMMENT '任务所属团队id',
  `TaskProjectId` varchar(36) DEFAULT NULL COMMENT '任务所属项目id',
  `TaskDetails` varchar(255) DEFAULT NULL COMMENT '任务详情',
  `TaskGreatId` varchar(36) DEFAULT NULL COMMENT '任务创建人id',
  `TaskSendTime` date DEFAULT NULL COMMENT '任务发布时间',
  `TaskCompletionTime` date DEFAULT NULL COMMENT '任务截止时间',
  `TaskFinishTime` date DEFAULT NULL COMMENT '任务完成时间',
  `TaskSendId` varchar(36) DEFAULT NULL COMMENT '任务接收者id',
  `TaskCompletedId` varchar(36) DEFAULT NULL COMMENT '任务完成者id',
  `TaskCompletion` int(36) DEFAULT NULL COMMENT '任务完成情况 0 未完成 1 已完成',
  `TaskNotifyState` int(36) DEFAULT NULL COMMENT '通知状态 0 已通知 1 未通知',
  PRIMARY KEY (`TaskId`)
) ENGINE=InnoDB DEFAULT CHARSET=utf8;

-- ----------------------------
-- Records of he_task
-- ----------------------------
INSERT INTO `he_task` VALUES ('02098453-A5B3-3C39-A474-337BF7CF5758', 'ADD58453-6F72-DEE0-8FA6-43AEDBFBD8B6', '7709F52F-A4D7-906E-4EF4-7EE50A28B389', '321312321', 'C4BEF830-47FD-AD69-E131-5440B81199A2', '2018-10-11', '2018-10-11', '2018-10-11', 'C4BEF830-47FD-AD69-E131-5440B81199A2', 'C4BEF830-47FD-AD69-E131-5440B81199A2', '1', null);
INSERT INTO `he_task` VALUES ('0451C580-C528-3318-A689-24CDF2B26435', 'ADD58453-6F72-DEE0-8FA6-43AEDBFBD8B6', '7709F52F-A4D7-906E-4EF4-7EE50A28B389', 'cesfds', 'C4BEF830-47FD-AD69-E131-5440B81199A2', '2018-10-15', '2018-10-22', '2018-10-15', 'C4BEF830-47FD-AD69-E131-5440B81199A2', 'C4BEF830-47FD-AD69-E131-5440B81199A2', '1', null);
INSERT INTO `he_task` VALUES ('0474F981-3E1B-4A99-15D6-4536A1D87877', 'ADD58453-6F72-DEE0-8FA6-43AEDBFBD8B6', '867BBC5F-CD46-0C81-691E-7B775F012E5A', 'cxs', 'C4BEF830-47FD-AD69-E131-5440B81199A2', '2018-10-16', '2018-10-23', '2018-10-22', 'C4BEF830-47FD-AD69-E131-5440B81199A2', 'C4BEF830-47FD-AD69-E131-5440B81199A2', '1', null);
INSERT INTO `he_task` VALUES ('08B2B1FD-43A1-1103-0CCB-4CD3139E26B3', 'ADD58453-6F72-DEE0-8FA6-43AEDBFBD8B6', 'A315C9B8-4DF0-31BE-43CA-093AE37B44EA', 'asdasd', 'C4BEF830-47FD-AD69-E131-5440B81199A2', '2018-10-16', '2018-11-03', '2018-10-22', 'C4BEF830-47FD-AD69-E131-5440B81199A2', 'C4BEF830-47FD-AD69-E131-5440B81199A2', '1', null);
INSERT INTO `he_task` VALUES ('0AFBB5DC-ACD2-AEB0-B171-0F2C9620009A', 'ADD58453-6F72-DEE0-8FA6-43AEDBFBD8B6', '867BBC5F-CD46-0C81-691E-7B775F012E5A', '321321321321', 'C4BEF830-47FD-AD69-E131-5440B81199A2', '2018-10-16', '2018-10-19', '2018-10-18', 'C4BEF830-47FD-AD69-E131-5440B81199A2', 'C4BEF830-47FD-AD69-E131-5440B81199A2', '1', null);
INSERT INTO `he_task` VALUES ('0D4C03C7-1801-03A4-CB07-E8B8B3192F40', 'ADD58453-6F72-DEE0-8FA6-43AEDBFBD8B6', '867BBC5F-CD46-0C81-691E-7B775F012E5A', '4312321', 'C4BEF830-47FD-AD69-E131-5440B81199A2', '2018-11-01', '2018-11-04', null, 'C4BEF830-47FD-AD69-E131-5440B81199A2', null, '0', null);
INSERT INTO `he_task` VALUES ('10EA4CEE-8158-3233-600F-09D4E1E0DCC8', 'ADD58453-6F72-DEE0-8FA6-43AEDBFBD8B6', '867BBC5F-CD46-0C81-691E-7B775F012E5A', '12312', 'C4BEF830-47FD-AD69-E131-5440B81199A2', '2018-11-01', '2018-11-04', null, 'C4BEF830-47FD-AD69-E131-5440B81199A2', null, '0', null);
INSERT INTO `he_task` VALUES ('14997EC6-9C19-5623-D9D1-18BCCBE6C749', 'ADD58453-6F72-DEE0-8FA6-43AEDBFBD8B6', 'A315C9B8-4DF0-31BE-43CA-093AE37B44EA', '31321321', 'C4BEF830-47FD-AD69-E131-5440B81199A2', '2018-10-16', '2018-10-23', '2018-10-22', 'C4BEF830-47FD-AD69-E131-5440B81199A2', 'C4BEF830-47FD-AD69-E131-5440B81199A2', '1', null);
INSERT INTO `he_task` VALUES ('1884125F-2CD3-A7D5-45B6-ACA11A96804D', 'ADD58453-6F72-DEE0-8FA6-43AEDBFBD8B6', '867BBC5F-CD46-0C81-691E-7B775F012E5A', '321', 'C4BEF830-47FD-AD69-E131-5440B81199A2', '2018-10-18', '2018-10-25', '2018-10-22', 'C4BEF830-47FD-AD69-E131-5440B81199A2', 'C4BEF830-47FD-AD69-E131-5440B81199A2', '1', null);
INSERT INTO `he_task` VALUES ('1A65EE52-4EAC-FDE5-0487-8E80D40118C4', 'ADD58453-6F72-DEE0-8FA6-43AEDBFBD8B6', '867BBC5F-CD46-0C81-691E-7B775F012E5A', '32121', 'C4BEF830-47FD-AD69-E131-5440B81199A2', '2018-10-18', '2018-10-25', '2018-10-22', 'C4BEF830-47FD-AD69-E131-5440B81199A2', 'C4BEF830-47FD-AD69-E131-5440B81199A2', '1', null);
INSERT INTO `he_task` VALUES ('1A876675-258D-7707-E02C-F5D6D7750589', 'ADD58453-6F72-DEE0-8FA6-43AEDBFBD8B6', '867BBC5F-CD46-0C81-691E-7B775F012E5A', '321', 'C4BEF830-47FD-AD69-E131-5440B81199A2', '2018-10-10', '2018-10-03', '2018-10-11', 'C4BEF830-47FD-AD69-E131-5440B81199A2', 'C4BEF830-47FD-AD69-E131-5440B81199A2', '1', null);
INSERT INTO `he_task` VALUES ('1C29F1E4-C584-50E3-7964-5A7863146DD6', 'ADD58453-6F72-DEE0-8FA6-43AEDBFBD8B6', '7709F52F-A4D7-906E-4EF4-7EE50A28B389', '312312', 'C4BEF830-47FD-AD69-E131-5440B81199A2', '2018-10-22', '2018-10-29', '2018-10-30', 'C4BEF830-47FD-AD69-E131-5440B81199A2', 'C4BEF830-47FD-AD69-E131-5440B81199A2', '1', null);
INSERT INTO `he_task` VALUES ('238909C3-251B-470F-AC99-A65C2A62C5B9', 'ADD58453-6F72-DEE0-8FA6-43AEDBFBD8B6', '867BBC5F-CD46-0C81-691E-7B775F012E5A', '为了通知', 'C4BEF830-47FD-AD69-E131-5440B81199A2', '2018-10-22', '2018-10-29', '2018-10-22', 'C4BEF830-47FD-AD69-E131-5440B81199A2', 'C4BEF830-47FD-AD69-E131-5440B81199A2', '1', null);
INSERT INTO `he_task` VALUES ('23D5F328-EA60-97B9-8FA8-B90B517ADB1F', 'ADD58453-6F72-DEE0-8FA6-43AEDBFBD8B6', '867BBC5F-CD46-0C81-691E-7B775F012E5A', '123', 'C4BEF830-47FD-AD69-E131-5440B81199A2', '2018-11-01', '2018-10-31', '2018-11-01', 'C4BEF830-47FD-AD69-E131-5440B81199A2', 'C4BEF830-47FD-AD69-E131-5440B81199A2', '1', null);
INSERT INTO `he_task` VALUES ('2448C5B9-F987-2D3E-E169-5A9FD6B7D5FD', 'ADD58453-6F72-DEE0-8FA6-43AEDBFBD8B6', '5474426B-7665-91D4-4B41-06C9B17FED44', '321', 'C4BEF830-47FD-AD69-E131-5440B81199A2', '2018-10-18', '2018-10-17', '2018-10-22', 'C4BEF830-47FD-AD69-E131-5440B81199A2', 'C4BEF830-47FD-AD69-E131-5440B81199A2', '1', null);
INSERT INTO `he_task` VALUES ('29CC8349-6705-EEE0-F995-94E8F5F397E1', 'ADD58453-6F72-DEE0-8FA6-43AEDBFBD8B6', '5474426B-7665-91D4-4B41-06C9B17FED44', '完成任务2', 'C4BEF830-47FD-AD69-E131-5440B81199A2', '2018-10-22', '2018-10-29', '2018-10-29', '650F708A-7C35-AF46-52C4-2C2A819861F2', 'C4BEF830-47FD-AD69-E131-5440B81199A2', '1', null);
INSERT INTO `he_task` VALUES ('2CF840EF-2C60-DFA9-4AB0-5B517B7B850F', 'ADD58453-6F72-DEE0-8FA6-43AEDBFBD8B6', '867BBC5F-CD46-0C81-691E-7B775F012E5A', '3122121', '650F708A-7C35-AF46-52C4-2C2A819861F2', '2018-10-12', '2018-10-15', '2018-10-17', '9C4A7A72-FF80-06DC-C80E-C690B45C1DEB', 'C4BEF830-47FD-AD69-E131-5440B81199A2', '1', null);
INSERT INTO `he_task` VALUES ('395642E1-1917-387F-9143-0A49B9AEF0CA', 'ADD58453-6F72-DEE0-8FA6-43AEDBFBD8B6', '867BBC5F-CD46-0C81-691E-7B775F012E5A', '为了通知', 'C4BEF830-47FD-AD69-E131-5440B81199A2', '2018-10-22', '2018-10-29', '2018-10-22', 'C4BEF830-47FD-AD69-E131-5440B81199A2', 'C4BEF830-47FD-AD69-E131-5440B81199A2', '1', null);
INSERT INTO `he_task` VALUES ('3B1F9D0D-A556-CDE8-C3AF-9C3021CF728A', 'ADD58453-6F72-DEE0-8FA6-43AEDBFBD8B6', '7709F52F-A4D7-906E-4EF4-7EE50A28B389', 'ces ', 'C4BEF830-47FD-AD69-E131-5440B81199A2', '2018-10-15', '2018-10-18', '2018-10-22', 'C4BEF830-47FD-AD69-E131-5440B81199A2', 'C4BEF830-47FD-AD69-E131-5440B81199A2', '1', null);
INSERT INTO `he_task` VALUES ('3BC8EB7E-DF72-DE40-1659-01F2F8CA13E8', 'ADD58453-6F72-DEE0-8FA6-43AEDBFBD8B6', '7709F52F-A4D7-906E-4EF4-7EE50A28B389', '输入任务详情的地方，日期选择是完成任务的时间', 'C4BEF830-47FD-AD69-E131-5440B81199A2', '2018-10-22', '2018-10-29', '2018-10-22', 'C4BEF830-47FD-AD69-E131-5440B81199A2', 'C4BEF830-47FD-AD69-E131-5440B81199A2', '1', null);
INSERT INTO `he_task` VALUES ('4BD1F26B-CFB7-161B-7EFD-72E52F3BF4A4', 'ADD58453-6F72-DEE0-8FA6-43AEDBFBD8B6', '867BBC5F-CD46-0C81-691E-7B775F012E5A', 'cefds', 'C4BEF830-47FD-AD69-E131-5440B81199A2', '2018-10-07', '2018-10-18', '2018-10-10', '650F708A-7C35-AF46-52C4-2C2A819861F2', 'C4BEF830-47FD-AD69-E131-5440B81199A2', '1', null);
INSERT INTO `he_task` VALUES ('4C383B16-5728-98D3-494D-84CB831C5D23', 'ADD58453-6F72-DEE0-8FA6-43AEDBFBD8B6', '867BBC5F-CD46-0C81-691E-7B775F012E5A', '31231221', 'C4BEF830-47FD-AD69-E131-5440B81199A2', '2018-11-01', '2018-11-04', null, '650F708A-7C35-AF46-52C4-2C2A819861F2', null, '0', null);
INSERT INTO `he_task` VALUES ('4E1A9978-B82D-F087-5DD0-DD385825955C', 'ADD58453-6F72-DEE0-8FA6-43AEDBFBD8B6', '867BBC5F-CD46-0C81-691E-7B775F012E5A', '321312321', 'C4BEF830-47FD-AD69-E131-5440B81199A2', '2018-10-03', '2018-10-17', '2018-10-10', '650F708A-7C35-AF46-52C4-2C2A819861F2', 'C4BEF830-47FD-AD69-E131-5440B81199A2', '1', null);
INSERT INTO `he_task` VALUES ('505C7080-7322-3633-21F6-74C9CB3B446D', 'ADD58453-6F72-DEE0-8FA6-43AEDBFBD8B6', '867BBC5F-CD46-0C81-691E-7B775F012E5A', '为了通知', 'C4BEF830-47FD-AD69-E131-5440B81199A2', '2018-10-22', '2018-10-29', '2018-10-22', 'C4BEF830-47FD-AD69-E131-5440B81199A2', 'C4BEF830-47FD-AD69-E131-5440B81199A2', '1', null);
INSERT INTO `he_task` VALUES ('5342C12D-F463-9D3C-64BE-7F3A4C36045A', 'ADD58453-6F72-DEE0-8FA6-43AEDBFBD8B6', '867BBC5F-CD46-0C81-691E-7B775F012E5A', '32312321', 'C4BEF830-47FD-AD69-E131-5440B81199A2', '2018-10-15', '2018-10-22', '2018-10-18', '791DD9ED-E760-68F4-66CB-D6ADE5BC80D7', 'C4BEF830-47FD-AD69-E131-5440B81199A2', '1', null);
INSERT INTO `he_task` VALUES ('53C7C76E-D568-61CB-0EBC-B68A2B06C5B0', 'ADD58453-6F72-DEE0-8FA6-43AEDBFBD8B6', '867BBC5F-CD46-0C81-691E-7B775F012E5A', '12313', 'C4BEF830-47FD-AD69-E131-5440B81199A2', '2018-11-01', '2018-11-04', null, 'C4BEF830-47FD-AD69-E131-5440B81199A2', null, '0', null);
INSERT INTO `he_task` VALUES ('55422A4C-CA33-4CB0-2C64-19BE02BEC1DD', 'ADD58453-6F72-DEE0-8FA6-43AEDBFBD8B6', '7709F52F-A4D7-906E-4EF4-7EE50A28B389', '312321321', 'C4BEF830-47FD-AD69-E131-5440B81199A2', '2018-10-11', '2018-10-11', '2018-10-11', 'C4BEF830-47FD-AD69-E131-5440B81199A2', 'C4BEF830-47FD-AD69-E131-5440B81199A2', '1', null);
INSERT INTO `he_task` VALUES ('557F815F-B765-018F-DFFC-CBAFE15AD692', 'ADD58453-6F72-DEE0-8FA6-43AEDBFBD8B6', '867BBC5F-CD46-0C81-691E-7B775F012E5A', '完成任务3', 'C4BEF830-47FD-AD69-E131-5440B81199A2', '2018-10-22', '2018-10-25', '2018-10-29', '791DD9ED-E760-68F4-66CB-D6ADE5BC80D7', 'C4BEF830-47FD-AD69-E131-5440B81199A2', '1', null);
INSERT INTO `he_task` VALUES ('55C2CCBD-ED33-EE15-F28B-FDFCB4BD6841', 'ADD58453-6F72-DEE0-8FA6-43AEDBFBD8B6', '7709F52F-A4D7-906E-4EF4-7EE50A28B389', '123', 'C4BEF830-47FD-AD69-E131-5440B81199A2', '2018-10-15', '2018-10-18', '2018-10-22', 'C4BEF830-47FD-AD69-E131-5440B81199A2', 'C4BEF830-47FD-AD69-E131-5440B81199A2', '1', null);
INSERT INTO `he_task` VALUES ('59F720BC-9518-9B53-7CF6-AF725BC2FBDA', 'ADD58453-6F72-DEE0-8FA6-43AEDBFBD8B6', '867BBC5F-CD46-0C81-691E-7B775F012E5A', '为了通知', 'C4BEF830-47FD-AD69-E131-5440B81199A2', '2018-10-22', '2018-10-29', '2018-10-22', 'C4BEF830-47FD-AD69-E131-5440B81199A2', 'C4BEF830-47FD-AD69-E131-5440B81199A2', '1', null);
INSERT INTO `he_task` VALUES ('59FFF77F-716D-ACA8-66B8-923616133E87', 'ADD58453-6F72-DEE0-8FA6-43AEDBFBD8B6', '867BBC5F-CD46-0C81-691E-7B775F012E5A', '123', 'C4BEF830-47FD-AD69-E131-5440B81199A2', '2018-11-01', '2018-11-04', '2018-11-01', '791DD9ED-E760-68F4-66CB-D6ADE5BC80D7', 'C4BEF830-47FD-AD69-E131-5440B81199A2', '1', null);
INSERT INTO `he_task` VALUES ('5A472081-712A-4398-2B56-D13F471A937C', 'ADD58453-6F72-DEE0-8FA6-43AEDBFBD8B6', 'F98F1743-56EE-1BFD-FF46-A9F1C6A7127E', '我是通知的信息', 'CC79CB62-A1EC-745E-5896-99B41C4CD658', '2018-10-30', '2018-11-06', null, 'CC79CB62-A1EC-745E-5896-99B41C4CD658', null, '0', null);
INSERT INTO `he_task` VALUES ('6131CA15-DC41-20F7-405B-4C84AD71AF6D', 'ADD58453-6F72-DEE0-8FA6-43AEDBFBD8B6', '867BBC5F-CD46-0C81-691E-7B775F012E5A', '为了通知', 'C4BEF830-47FD-AD69-E131-5440B81199A2', '2018-10-22', '2018-10-29', '2018-10-22', 'C4BEF830-47FD-AD69-E131-5440B81199A2', 'C4BEF830-47FD-AD69-E131-5440B81199A2', '1', null);
INSERT INTO `he_task` VALUES ('618309EA-BCA3-3639-B5B0-448978993187', 'ADD58453-6F72-DEE0-8FA6-43AEDBFBD8B6', '867BBC5F-CD46-0C81-691E-7B775F012E5A', '完成通知任务', 'C4BEF830-47FD-AD69-E131-5440B81199A2', '2018-10-15', '2018-10-22', '2018-10-18', '791DD9ED-E760-68F4-66CB-D6ADE5BC80D7', 'C4BEF830-47FD-AD69-E131-5440B81199A2', '1', null);
INSERT INTO `he_task` VALUES ('65D8761E-4C20-99DA-3BAE-9A66BD61945A', 'ADD58453-6F72-DEE0-8FA6-43AEDBFBD8B6', '867BBC5F-CD46-0C81-691E-7B775F012E5A', '为了通知', 'C4BEF830-47FD-AD69-E131-5440B81199A2', '2018-10-22', '2018-10-29', '2018-10-22', 'C4BEF830-47FD-AD69-E131-5440B81199A2', 'C4BEF830-47FD-AD69-E131-5440B81199A2', '1', null);
INSERT INTO `he_task` VALUES ('667485D3-C1FB-3381-70BF-6F043BF0EF44', 'ADD58453-6F72-DEE0-8FA6-43AEDBFBD8B6', '867BBC5F-CD46-0C81-691E-7B775F012E5A', '超过完成时间，显示红色', 'C4BEF830-47FD-AD69-E131-5440B81199A2', '2018-10-18', '2018-10-11', '2018-10-22', '791DD9ED-E760-68F4-66CB-D6ADE5BC80D7', 'C4BEF830-47FD-AD69-E131-5440B81199A2', '1', null);
INSERT INTO `he_task` VALUES ('6943D234-F15E-FC53-882A-3C3812133874', 'ADD58453-6F72-DEE0-8FA6-43AEDBFBD8B6', '7709F52F-A4D7-906E-4EF4-7EE50A28B389', '312321321321', 'C4BEF830-47FD-AD69-E131-5440B81199A2', '2018-10-11', '2018-10-11', '2018-10-11', 'C4BEF830-47FD-AD69-E131-5440B81199A2', 'C4BEF830-47FD-AD69-E131-5440B81199A2', '1', null);
INSERT INTO `he_task` VALUES ('69943130-4887-4EEF-1575-8CBB56D2A04E', 'ADD58453-6F72-DEE0-8FA6-43AEDBFBD8B6', '867BBC5F-CD46-0C81-691E-7B775F012E5A', '你好呀', 'C4BEF830-47FD-AD69-E131-5440B81199A2', '2018-11-01', '2018-11-05', null, '650F708A-7C35-AF46-52C4-2C2A819861F2', null, '0', null);
INSERT INTO `he_task` VALUES ('6B7D63BD-2E2D-105A-1AC2-33B6F0D2123D', 'ADD58453-6F72-DEE0-8FA6-43AEDBFBD8B6', '7709F52F-A4D7-906E-4EF4-7EE50A28B389', 'henaho ', 'C4BEF830-47FD-AD69-E131-5440B81199A2', '2018-10-15', '2018-10-22', '2018-10-22', 'C4BEF830-47FD-AD69-E131-5440B81199A2', 'C4BEF830-47FD-AD69-E131-5440B81199A2', '1', null);
INSERT INTO `he_task` VALUES ('6CED8B25-EC93-C235-F281-3B42197AA37D', 'ADD58453-6F72-DEE0-8FA6-43AEDBFBD8B6', 'A315C9B8-4DF0-31BE-43CA-093AE37B44EA', '321321132', 'C4BEF830-47FD-AD69-E131-5440B81199A2', '2018-10-11', '2018-10-18', '2018-10-11', '1589E0EF-F963-F2B2-4640-F0343A62C0C0', 'C4BEF830-47FD-AD69-E131-5440B81199A2', '1', null);
INSERT INTO `he_task` VALUES ('6EDA7778-8B3F-FCF2-119D-95DC82339391', 'ADD58453-6F72-DEE0-8FA6-43AEDBFBD8B6', '5474426B-7665-91D4-4B41-06C9B17FED44', '13', 'C4BEF830-47FD-AD69-E131-5440B81199A2', '2018-10-30', '2018-11-06', '2018-11-01', 'C4BEF830-47FD-AD69-E131-5440B81199A2', 'C4BEF830-47FD-AD69-E131-5440B81199A2', '1', null);
INSERT INTO `he_task` VALUES ('7092BAA9-C82B-2100-BDED-50FA0A219FCE', 'ADD58453-6F72-DEE0-8FA6-43AEDBFBD8B6', '867BBC5F-CD46-0C81-691E-7B775F012E5A', '32132121', 'C4BEF830-47FD-AD69-E131-5440B81199A2', '2018-10-15', '2018-10-22', '2018-10-18', '1589E0EF-F963-F2B2-4640-F0343A62C0C0', 'C4BEF830-47FD-AD69-E131-5440B81199A2', '1', null);
INSERT INTO `he_task` VALUES ('70F29C24-728B-B04C-5C11-0C5952224946', 'ADD58453-6F72-DEE0-8FA6-43AEDBFBD8B6', '867BBC5F-CD46-0C81-691E-7B775F012E5A', '123', 'C4BEF830-47FD-AD69-E131-5440B81199A2', '2018-11-01', '2018-11-05', null, 'C4BEF830-47FD-AD69-E131-5440B81199A2', null, '0', null);
INSERT INTO `he_task` VALUES ('71A837DC-3FC7-1302-E2B7-49E89FAFEBAD', 'ADD58453-6F72-DEE0-8FA6-43AEDBFBD8B6', '867BBC5F-CD46-0C81-691E-7B775F012E5A', '1221', 'C4BEF830-47FD-AD69-E131-5440B81199A2', '2018-10-10', '2018-09-06', '2018-10-11', 'C4BEF830-47FD-AD69-E131-5440B81199A2', 'C4BEF830-47FD-AD69-E131-5440B81199A2', '1', null);
INSERT INTO `he_task` VALUES ('78C15257-F829-E3ED-26E6-FE87A24488DD', 'ADD58453-6F72-DEE0-8FA6-43AEDBFBD8B6', '867BBC5F-CD46-0C81-691E-7B775F012E5A', '完成任务2', 'C4BEF830-47FD-AD69-E131-5440B81199A2', '2018-10-22', '2018-10-25', '2018-10-29', '791DD9ED-E760-68F4-66CB-D6ADE5BC80D7', 'C4BEF830-47FD-AD69-E131-5440B81199A2', '1', null);
INSERT INTO `he_task` VALUES ('7AFEAA35-059D-FD6B-7D6D-BBC8F90D04FC', 'ADD58453-6F72-DEE0-8FA6-43AEDBFBD8B6', '867BBC5F-CD46-0C81-691E-7B775F012E5A', '123', 'C4BEF830-47FD-AD69-E131-5440B81199A2', '2018-10-18', '2018-10-21', '2018-10-18', 'C4BEF830-47FD-AD69-E131-5440B81199A2', 'C4BEF830-47FD-AD69-E131-5440B81199A2', '1', null);
INSERT INTO `he_task` VALUES ('7E1180FD-ED9F-156E-3281-E81958021BA0', 'ADD58453-6F72-DEE0-8FA6-43AEDBFBD8B6', '5474426B-7665-91D4-4B41-06C9B17FED44', '延误任务1', 'C4BEF830-47FD-AD69-E131-5440B81199A2', '2018-10-22', '2018-10-15', '2018-10-29', '1589E0EF-F963-F2B2-4640-F0343A62C0C0', 'C4BEF830-47FD-AD69-E131-5440B81199A2', '1', null);
INSERT INTO `he_task` VALUES ('7ED71DCC-DCBA-9ABA-5724-7ECB265C953E', 'ADD58453-6F72-DEE0-8FA6-43AEDBFBD8B6', '867BBC5F-CD46-0C81-691E-7B775F012E5A', '完成任务4', 'C4BEF830-47FD-AD69-E131-5440B81199A2', '2018-10-22', '2018-10-25', '2018-10-23', '650F708A-7C35-AF46-52C4-2C2A819861F2', '650F708A-7C35-AF46-52C4-2C2A819861F2', '1', null);
INSERT INTO `he_task` VALUES ('8259E9C9-22FC-6AAA-6CAD-74D268BE1496', 'ADD58453-6F72-DEE0-8FA6-43AEDBFBD8B6', '867BBC5F-CD46-0C81-691E-7B775F012E5A', '成员任务成员任务成员任务成员任务成员任务成员任务成员任务成员任务成员任务成员任务成员任务成员任务', '650F708A-7C35-AF46-52C4-2C2A819861F2', '2018-10-25', '2018-10-28', '2018-10-25', 'C4BEF830-47FD-AD69-E131-5440B81199A2', 'C4BEF830-47FD-AD69-E131-5440B81199A2', '1', null);
INSERT INTO `he_task` VALUES ('8D35D4C0-93D6-DD8C-C3F7-0A362F6EA3C5', 'ADD58453-6F72-DEE0-8FA6-43AEDBFBD8B6', 'F98F1743-56EE-1BFD-FF46-A9F1C6A7127E', '我是任务', 'CC79CB62-A1EC-745E-5896-99B41C4CD658', '2018-10-30', '2018-11-02', null, '9C4A7A72-FF80-06DC-C80E-C690B45C1DEB', null, '0', null);
INSERT INTO `he_task` VALUES ('8D7F480C-FEDB-DE3E-17C6-7D9C984D9CF3', 'ADD58453-6F72-DEE0-8FA6-43AEDBFBD8B6', '867BBC5F-CD46-0C81-691E-7B775F012E5A', '通知任务', '650F708A-7C35-AF46-52C4-2C2A819861F2', '2018-10-25', '2018-10-28', '2018-10-29', '650F708A-7C35-AF46-52C4-2C2A819861F2', 'C4BEF830-47FD-AD69-E131-5440B81199A2', '1', null);
INSERT INTO `he_task` VALUES ('8D9DE08B-035A-B560-2800-4A39223B7AAA', 'ADD58453-6F72-DEE0-8FA6-43AEDBFBD8B6', '867BBC5F-CD46-0C81-691E-7B775F012E5A', '3213212112', 'C4BEF830-47FD-AD69-E131-5440B81199A2', '2018-10-16', '2018-10-19', '2018-10-18', 'C4BEF830-47FD-AD69-E131-5440B81199A2', 'C4BEF830-47FD-AD69-E131-5440B81199A2', '1', null);
INSERT INTO `he_task` VALUES ('8DC2A507-F2FE-0D34-E549-3EB5C7BB3088', 'ADD58453-6F72-DEE0-8FA6-43AEDBFBD8B6', '867BBC5F-CD46-0C81-691E-7B775F012E5A', '缴费', 'C4BEF830-47FD-AD69-E131-5440B81199A2', '2018-10-12', '2018-10-16', '2018-10-17', '791DD9ED-E760-68F4-66CB-D6ADE5BC80D7', 'C4BEF830-47FD-AD69-E131-5440B81199A2', '1', null);
INSERT INTO `he_task` VALUES ('93CB6172-3FD4-A560-61EB-80BB74028D0A', 'ADD58453-6F72-DEE0-8FA6-43AEDBFBD8B6', '867BBC5F-CD46-0C81-691E-7B775F012E5A', '完成任务6', 'C4BEF830-47FD-AD69-E131-5440B81199A2', '2018-10-22', '2018-10-25', '2018-10-29', '9C4A7A72-FF80-06DC-C80E-C690B45C1DEB', 'C4BEF830-47FD-AD69-E131-5440B81199A2', '1', null);
INSERT INTO `he_task` VALUES ('99CB137E-AEAE-F1E4-4168-9F3DFBE97D62', 'ADD58453-6F72-DEE0-8FA6-43AEDBFBD8B6', '867BBC5F-CD46-0C81-691E-7B775F012E5A', '完成任务5', 'C4BEF830-47FD-AD69-E131-5440B81199A2', '2018-10-22', '2018-10-25', '2018-10-29', '1589E0EF-F963-F2B2-4640-F0343A62C0C0', 'C4BEF830-47FD-AD69-E131-5440B81199A2', '1', null);
INSERT INTO `he_task` VALUES ('9CF532A4-8324-D92D-D371-D2779B7BFA79', 'ADD58453-6F72-DEE0-8FA6-43AEDBFBD8B6', '867BBC5F-CD46-0C81-691E-7B775F012E5A', '321', 'C4BEF830-47FD-AD69-E131-5440B81199A2', '2018-11-01', '2018-11-01', '2018-11-01', 'C4BEF830-47FD-AD69-E131-5440B81199A2', 'C4BEF830-47FD-AD69-E131-5440B81199A2', '1', null);
INSERT INTO `he_task` VALUES ('9DC34679-DAC6-DCA6-226A-C08242F34240', 'ADD58453-6F72-DEE0-8FA6-43AEDBFBD8B6', '867BBC5F-CD46-0C81-691E-7B775F012E5A', '312', 'C4BEF830-47FD-AD69-E131-5440B81199A2', '2018-11-01', '2018-11-01', '2018-11-01', 'C4BEF830-47FD-AD69-E131-5440B81199A2', 'C4BEF830-47FD-AD69-E131-5440B81199A2', '1', null);
INSERT INTO `he_task` VALUES ('A464BEDE-B1C7-A7C0-7231-DAC8E860DFEB', 'ADD58453-6F72-DEE0-8FA6-43AEDBFBD8B6', '7709F52F-A4D7-906E-4EF4-7EE50A28B389', '31231221', 'C4BEF830-47FD-AD69-E131-5440B81199A2', '2018-10-15', '2018-10-18', '2018-10-15', 'C4BEF830-47FD-AD69-E131-5440B81199A2', 'C4BEF830-47FD-AD69-E131-5440B81199A2', '1', null);
INSERT INTO `he_task` VALUES ('A7146512-8D4D-7AE0-B893-1B6B563F5797', 'ADD58453-6F72-DEE0-8FA6-43AEDBFBD8B6', '867BBC5F-CD46-0C81-691E-7B775F012E5A', '为了通知', 'C4BEF830-47FD-AD69-E131-5440B81199A2', '2018-10-22', '2018-10-29', '2018-10-29', 'C4BEF830-47FD-AD69-E131-5440B81199A2', 'C4BEF830-47FD-AD69-E131-5440B81199A2', '1', null);
INSERT INTO `he_task` VALUES ('A952B7F7-1FFF-20FA-824E-8EAE89E6DE68', 'ADD58453-6F72-DEE0-8FA6-43AEDBFBD8B6', '867BBC5F-CD46-0C81-691E-7B775F012E5A', '321', 'C4BEF830-47FD-AD69-E131-5440B81199A2', '2018-11-01', '2018-11-01', '2018-11-01', 'C4BEF830-47FD-AD69-E131-5440B81199A2', 'C4BEF830-47FD-AD69-E131-5440B81199A2', '1', null);
INSERT INTO `he_task` VALUES ('ADF0D09E-D0F3-6B1B-165F-E3A191E93D70', 'ADD58453-6F72-DEE0-8FA6-43AEDBFBD8B6', '867BBC5F-CD46-0C81-691E-7B775F012E5A', '测试', 'C4BEF830-47FD-AD69-E131-5440B81199A2', '2018-11-01', '2018-11-05', null, '1589E0EF-F963-F2B2-4640-F0343A62C0C0', null, '0', null);
INSERT INTO `he_task` VALUES ('B0968D6F-32B4-1C7B-6D06-0162596B9D3A', 'ADD58453-6F72-DEE0-8FA6-43AEDBFBD8B6', 'A315C9B8-4DF0-31BE-43CA-093AE37B44EA', '31232123131232131312', 'C4BEF830-47FD-AD69-E131-5440B81199A2', '2018-10-11', '2018-10-18', '2018-10-22', 'C4BEF830-47FD-AD69-E131-5440B81199A2', 'C4BEF830-47FD-AD69-E131-5440B81199A2', '1', null);
INSERT INTO `he_task` VALUES ('B3460D02-5AFA-E5E7-CE50-ED19537A5F0B', 'ADD58453-6F72-DEE0-8FA6-43AEDBFBD8B6', '867BBC5F-CD46-0C81-691E-7B775F012E5A', '321', 'C4BEF830-47FD-AD69-E131-5440B81199A2', '2018-11-01', '2018-11-04', null, 'C4BEF830-47FD-AD69-E131-5440B81199A2', null, '0', null);
INSERT INTO `he_task` VALUES ('B62B1BC4-40C7-A547-0A9C-3BCB9342E7FB', 'ADD58453-6F72-DEE0-8FA6-43AEDBFBD8B6', '867BBC5F-CD46-0C81-691E-7B775F012E5A', 'lzw123123', 'C4BEF830-47FD-AD69-E131-5440B81199A2', '2018-10-10', '2018-10-25', '2018-10-18', '1589E0EF-F963-F2B2-4640-F0343A62C0C0', 'C4BEF830-47FD-AD69-E131-5440B81199A2', '1', null);
INSERT INTO `he_task` VALUES ('BBB00EA7-6538-7F4B-88A7-64751C2C4414', 'ADD58453-6F72-DEE0-8FA6-43AEDBFBD8B6', '867BBC5F-CD46-0C81-691E-7B775F012E5A', '延误任务3', 'C4BEF830-47FD-AD69-E131-5440B81199A2', '2018-10-22', '2018-10-21', '2018-10-29', '791DD9ED-E760-68F4-66CB-D6ADE5BC80D7', 'C4BEF830-47FD-AD69-E131-5440B81199A2', '1', null);
INSERT INTO `he_task` VALUES ('BD2F0AEF-4E26-15B2-2366-CCA95E4B7CD9', 'ADD58453-6F72-DEE0-8FA6-43AEDBFBD8B6', '867BBC5F-CD46-0C81-691E-7B775F012E5A', '完成任务1', 'C4BEF830-47FD-AD69-E131-5440B81199A2', '2018-10-22', '2018-10-25', '2018-10-29', '791DD9ED-E760-68F4-66CB-D6ADE5BC80D7', 'C4BEF830-47FD-AD69-E131-5440B81199A2', '1', null);
INSERT INTO `he_task` VALUES ('BEDA1F22-919A-D590-AA59-820B88CD1DAF', 'ADD58453-6F72-DEE0-8FA6-43AEDBFBD8B6', '867BBC5F-CD46-0C81-691E-7B775F012E5A', '312312312312312', 'C4BEF830-47FD-AD69-E131-5440B81199A2', '2018-10-08', '2018-10-17', '2018-10-18', '650F708A-7C35-AF46-52C4-2C2A819861F2', 'C4BEF830-47FD-AD69-E131-5440B81199A2', '1', null);
INSERT INTO `he_task` VALUES ('BF45FB33-B1BA-2E2F-93C0-B12544CC0ADD', 'ADD58453-6F72-DEE0-8FA6-43AEDBFBD8B6', '5474426B-7665-91D4-4B41-06C9B17FED44', '123', 'C4BEF830-47FD-AD69-E131-5440B81199A2', '2018-10-22', '2018-10-29', '2018-10-29', 'C4BEF830-47FD-AD69-E131-5440B81199A2', 'C4BEF830-47FD-AD69-E131-5440B81199A2', '1', null);
INSERT INTO `he_task` VALUES ('BF94B74B-4F8A-6F3D-779D-BDD6A95EB52F', 'ADD58453-6F72-DEE0-8FA6-43AEDBFBD8B6', '867BBC5F-CD46-0C81-691E-7B775F012E5A', '延误任务2', 'C4BEF830-47FD-AD69-E131-5440B81199A2', '2018-10-22', '2018-10-21', '2018-10-29', '1589E0EF-F963-F2B2-4640-F0343A62C0C0', 'C4BEF830-47FD-AD69-E131-5440B81199A2', '1', null);
INSERT INTO `he_task` VALUES ('BFBB16D9-5B46-BC64-E4A5-49988FF9028F', 'ADD58453-6F72-DEE0-8FA6-43AEDBFBD8B6', '867BBC5F-CD46-0C81-691E-7B775F012E5A', '312321312', 'C4BEF830-47FD-AD69-E131-5440B81199A2', '2018-10-10', '2018-10-17', '2018-10-10', '1589E0EF-F963-F2B2-4640-F0343A62C0C0', 'C4BEF830-47FD-AD69-E131-5440B81199A2', '1', null);
INSERT INTO `he_task` VALUES ('C018628D-1F99-774F-4E7A-452E1A3BD5AA', 'ADD58453-6F72-DEE0-8FA6-43AEDBFBD8B6', '867BBC5F-CD46-0C81-691E-7B775F012E5A', '为了通知', 'C4BEF830-47FD-AD69-E131-5440B81199A2', '2018-10-22', '2018-10-29', '2018-10-29', 'C4BEF830-47FD-AD69-E131-5440B81199A2', 'C4BEF830-47FD-AD69-E131-5440B81199A2', '1', null);
INSERT INTO `he_task` VALUES ('C03A5489-9766-80BE-D200-EA63C1AB8FC4', 'ADD58453-6F72-DEE0-8FA6-43AEDBFBD8B6', '867BBC5F-CD46-0C81-691E-7B775F012E5A', '为了通知', 'C4BEF830-47FD-AD69-E131-5440B81199A2', '2018-10-22', '2018-10-29', '2018-10-29', 'C4BEF830-47FD-AD69-E131-5440B81199A2', 'C4BEF830-47FD-AD69-E131-5440B81199A2', '1', null);
INSERT INTO `he_task` VALUES ('C11835BB-A82F-5402-4009-8C41355A1488', 'ADD58453-6F72-DEE0-8FA6-43AEDBFBD8B6', '867BBC5F-CD46-0C81-691E-7B775F012E5A', '123', '650F708A-7C35-AF46-52C4-2C2A819861F2', '2018-10-09', '2018-10-13', '2018-10-15', 'C4BEF830-47FD-AD69-E131-5440B81199A2', 'C4BEF830-47FD-AD69-E131-5440B81199A2', '1', null);
INSERT INTO `he_task` VALUES ('C1D0AFBD-770D-6779-2E67-DC8048070580', 'ADD58453-6F72-DEE0-8FA6-43AEDBFBD8B6', '867BBC5F-CD46-0C81-691E-7B775F012E5A', '321312', 'C4BEF830-47FD-AD69-E131-5440B81199A2', '2018-10-14', '2018-10-10', '2018-10-11', 'C4BEF830-47FD-AD69-E131-5440B81199A2', 'C4BEF830-47FD-AD69-E131-5440B81199A2', '1', null);
INSERT INTO `he_task` VALUES ('C590B2E4-26C2-BFAE-65D3-A3C9BDD70C17', 'ADD58453-6F72-DEE0-8FA6-43AEDBFBD8B6', '867BBC5F-CD46-0C81-691E-7B775F012E5A', '123', 'C4BEF830-47FD-AD69-E131-5440B81199A2', '2018-10-18', '2018-10-03', '2018-10-18', 'C4BEF830-47FD-AD69-E131-5440B81199A2', 'C4BEF830-47FD-AD69-E131-5440B81199A2', '1', null);
INSERT INTO `he_task` VALUES ('CCE156E8-3164-8660-4016-D91990C9BC99', 'ADD58453-6F72-DEE0-8FA6-43AEDBFBD8B6', '867BBC5F-CD46-0C81-691E-7B775F012E5A', '213', 'C4BEF830-47FD-AD69-E131-5440B81199A2', '2018-10-15', '2018-10-11', '2018-10-15', '1589E0EF-F963-F2B2-4640-F0343A62C0C0', 'C4BEF830-47FD-AD69-E131-5440B81199A2', '1', null);
INSERT INTO `he_task` VALUES ('D1EC5DAA-299B-9FCC-E1B4-3622C63300B4', 'ADD58453-6F72-DEE0-8FA6-43AEDBFBD8B6', '867BBC5F-CD46-0C81-691E-7B775F012E5A', '连泳怡', 'C4BEF830-47FD-AD69-E131-5440B81199A2', '2018-11-01', '2018-11-04', null, '650F708A-7C35-AF46-52C4-2C2A819861F2', null, '0', null);
INSERT INTO `he_task` VALUES ('D774BC0D-8F7B-FC6E-9B82-679D8D4A7064', 'ADD58453-6F72-DEE0-8FA6-43AEDBFBD8B6', '7709F52F-A4D7-906E-4EF4-7EE50A28B389', '测试', 'C4BEF830-47FD-AD69-E131-5440B81199A2', '2018-10-11', '2018-10-10', '2018-10-12', 'C4BEF830-47FD-AD69-E131-5440B81199A2', 'C4BEF830-47FD-AD69-E131-5440B81199A2', '1', null);
INSERT INTO `he_task` VALUES ('D8A6D95D-2563-CB24-D5DD-0EE8C609EC79', 'ADD58453-6F72-DEE0-8FA6-43AEDBFBD8B6', '867BBC5F-CD46-0C81-691E-7B775F012E5A', '为了通知', 'C4BEF830-47FD-AD69-E131-5440B81199A2', '2018-10-22', '2018-10-29', '2018-10-29', 'C4BEF830-47FD-AD69-E131-5440B81199A2', 'C4BEF830-47FD-AD69-E131-5440B81199A2', '1', null);
INSERT INTO `he_task` VALUES ('DAB58BD9-8DA7-9677-9330-373317E029C1', 'ADD58453-6F72-DEE0-8FA6-43AEDBFBD8B6', '5474426B-7665-91D4-4B41-06C9B17FED44', '延误任务2', 'C4BEF830-47FD-AD69-E131-5440B81199A2', '2018-10-22', '2018-10-15', '2018-10-29', '650F708A-7C35-AF46-52C4-2C2A819861F2', 'C4BEF830-47FD-AD69-E131-5440B81199A2', '1', null);
INSERT INTO `he_task` VALUES ('EB402089-4254-BF98-B6CC-37E1E340E05C', 'ADD58453-6F72-DEE0-8FA6-43AEDBFBD8B6', '7709F52F-A4D7-906E-4EF4-7EE50A28B389', '输入任务详情的地方，日期选择是完成任务的时间', 'C4BEF830-47FD-AD69-E131-5440B81199A2', '2018-10-22', '2018-10-29', '2018-10-22', 'C4BEF830-47FD-AD69-E131-5440B81199A2', 'C4BEF830-47FD-AD69-E131-5440B81199A2', '1', null);
INSERT INTO `he_task` VALUES ('EC98A0D5-3786-2EB1-1C90-1D766F1A45AC', 'ADD58453-6F72-DEE0-8FA6-43AEDBFBD8B6', '5474426B-7665-91D4-4B41-06C9B17FED44', '完成任务1', 'C4BEF830-47FD-AD69-E131-5440B81199A2', '2018-10-22', '2018-10-29', '2018-10-29', '1589E0EF-F963-F2B2-4640-F0343A62C0C0', 'C4BEF830-47FD-AD69-E131-5440B81199A2', '1', null);
INSERT INTO `he_task` VALUES ('F4F4F7D8-444E-8B13-BB7A-2BCFAD9D56C9', 'ADD58453-6F72-DEE0-8FA6-43AEDBFBD8B6', 'A315C9B8-4DF0-31BE-43CA-093AE37B44EA', '完成任务1', 'C4BEF830-47FD-AD69-E131-5440B81199A2', '2018-10-22', '2018-10-22', '2018-10-30', '1589E0EF-F963-F2B2-4640-F0343A62C0C0', 'C4BEF830-47FD-AD69-E131-5440B81199A2', '1', null);
INSERT INTO `he_task` VALUES ('F57EE65E-1255-D004-037A-5EBCC005C97C', 'ADD58453-6F72-DEE0-8FA6-43AEDBFBD8B6', '5474426B-7665-91D4-4B41-06C9B17FED44', '12312321', '650F708A-7C35-AF46-52C4-2C2A819861F2', '2018-10-25', '2018-10-28', '2018-10-30', '650F708A-7C35-AF46-52C4-2C2A819861F2', 'C4BEF830-47FD-AD69-E131-5440B81199A2', '1', null);
INSERT INTO `he_task` VALUES ('F70FE0FC-A2C8-FDF7-5C3F-9E2B60A3227B', 'ADD58453-6F72-DEE0-8FA6-43AEDBFBD8B6', '867BBC5F-CD46-0C81-691E-7B775F012E5A', '为了通知', 'C4BEF830-47FD-AD69-E131-5440B81199A2', '2018-10-22', '2018-10-29', '2018-10-29', 'C4BEF830-47FD-AD69-E131-5440B81199A2', 'C4BEF830-47FD-AD69-E131-5440B81199A2', '1', null);
INSERT INTO `he_task` VALUES ('F7282D39-3EE0-820E-BD8D-EB886DC670E8', 'ADD58453-6F72-DEE0-8FA6-43AEDBFBD8B6', '867BBC5F-CD46-0C81-691E-7B775F012E5A', '延误任务1', 'C4BEF830-47FD-AD69-E131-5440B81199A2', '2018-10-22', '2018-10-21', '2018-10-29', '9C4A7A72-FF80-06DC-C80E-C690B45C1DEB', 'C4BEF830-47FD-AD69-E131-5440B81199A2', '1', null);
INSERT INTO `he_task` VALUES ('FD8188C6-7BF4-E178-A3A1-5421696A47B5', 'ADD58453-6F72-DEE0-8FA6-43AEDBFBD8B6', '867BBC5F-CD46-0C81-691E-7B775F012E5A', '312312231', 'C4BEF830-47FD-AD69-E131-5440B81199A2', '2018-11-01', '2018-11-01', '2018-11-01', 'C4BEF830-47FD-AD69-E131-5440B81199A2', 'C4BEF830-47FD-AD69-E131-5440B81199A2', '1', null);

-- ----------------------------
-- Table structure for he_team
-- ----------------------------
DROP TABLE IF EXISTS `he_team`;
CREATE TABLE `he_team` (
  `TeamId` varchar(36) NOT NULL COMMENT '团队所属的标志码，团队id',
  `UserId` varchar(36) DEFAULT NULL,
  `TeamName` varchar(255) DEFAULT NULL COMMENT '团队名称',
  `TeamInvitationKey` varchar(255) DEFAULT NULL COMMENT '团队邀请码',
  `TeamGreatUserId` varchar(255) DEFAULT NULL COMMENT '团队创建者的id',
  `TeamTime` datetime DEFAULT NULL ON UPDATE CURRENT_TIMESTAMP COMMENT '团队创建的时间',
  PRIMARY KEY (`TeamId`)
) ENGINE=InnoDB DEFAULT CHARSET=utf8;

-- ----------------------------
-- Records of he_team
-- ----------------------------
INSERT INTO `he_team` VALUES ('47A5C40D-DC6C-D15C-97A3-AC6EAD0FF17C', null, '123456', 't4p1qf87', '41088F51-5590-CEBF-E5E9-65311B88078A', '2018-10-18 12:58:04');
INSERT INTO `he_team` VALUES ('655085FA-257A-ECE1-7351-A691552ABC59', null, '苏辰粉丝团', '0s5c4j2h', '23B5F2AA-1DD1-033E-244E-565B1FADBAB1', '2018-11-01 00:00:00');
INSERT INTO `he_team` VALUES ('7AE5F355-B552-1729-76BB-6D964B41E58F', null, '鹰眼认为系统', '13o7jd5w', 'C4BEF830-47FD-AD69-E131-5440B81199A2', '2018-09-20 05:58:45');
INSERT INTO `he_team` VALUES ('ADD58453-6F72-DEE0-8FA6-43AEDBFBD8B6', null, '测试系统', 'b9i38qpr', 'C4BEF830-47FD-AD69-E131-5440B81199A2', '2018-10-10 20:24:16');
INSERT INTO `he_team` VALUES ('B005FA5C-D520-6F71-8AAC-A0ADA92597FE', null, '123123', 'dp4hwq3s', '884F9B2F-BCD8-05B1-435C-3A38AB06751A', '2018-10-30 10:46:41');
INSERT INTO `he_team` VALUES ('E33906C6-A188-C01A-ADB0-FF1AD5C40C75', null, '132', 'u5s2oe7m', 'BBFEC6E2-19F9-4F1E-E431-647A39C6EABA', '2018-10-10 11:15:15');

-- ----------------------------
-- Table structure for he_teamuser
-- ----------------------------
DROP TABLE IF EXISTS `he_teamuser`;
CREATE TABLE `he_teamuser` (
  `Id` varchar(36) NOT NULL COMMENT '唯一id',
  `TeamId` varchar(36) DEFAULT NULL COMMENT '所属团队的id',
  `UserId` varchar(36) DEFAULT NULL COMMENT '用户id',
  `UserName` varchar(255) DEFAULT NULL COMMENT '用户名称',
  `UserHead` varchar(255) DEFAULT NULL COMMENT '用户头像',
  `Remarks` varchar(255) DEFAULT NULL COMMENT '用户备注',
  `IsPass` int(36) DEFAULT NULL COMMENT '是否通过 0待通过 1已通过 2已拒绝 ',
  `TeamIdentity` varchar(255) DEFAULT NULL COMMENT '团队身份 0 普通成员 1 管理员 2 超级管理员 ',
  `CreationTime` datetime DEFAULT NULL ON UPDATE CURRENT_TIMESTAMP COMMENT '加入团队时间',
  PRIMARY KEY (`Id`)
) ENGINE=InnoDB DEFAULT CHARSET=utf8;

-- ----------------------------
-- Records of he_teamuser
-- ----------------------------
INSERT INTO `he_teamuser` VALUES ('3791EAFC-4A04-1125-BD38-51375C1A7D7D', 'ADD58453-6F72-DEE0-8FA6-43AEDBFBD8B6', '9C4A7A72-FF80-06DC-C80E-C690B45C1DEB', '廖志伟7号', 'http://php2.com:200/img/default_head.png', null, '1', '成员', '2018-11-02 11:38:14');
INSERT INTO `he_teamuser` VALUES ('5025C108-8B9D-A7AC-2F6F-09594EC48F09', 'E33906C6-A188-C01A-ADB0-FF1AD5C40C75', 'BBFEC6E2-19F9-4F1E-E431-647A39C6EABA', '廖志伟8号', 'http://php2.com:200/img/default_head.png', null, '1', '超级管理员', '2018-11-02 11:38:16');
INSERT INTO `he_teamuser` VALUES ('54F1D80F-8A49-A3E6-4AA1-8D9A60635520', 'ADD58453-6F72-DEE0-8FA6-43AEDBFBD8B6', '1589E0EF-F963-F2B2-4640-F0343A62C0C0', '廖志伟2号', 'http://php2.com:200/img/default_head.png', null, '1', '成员', '2018-11-02 11:38:17');
INSERT INTO `he_teamuser` VALUES ('5CC9B62B-F32C-E892-BEE4-F137C7196A68', 'ADD58453-6F72-DEE0-8FA6-43AEDBFBD8B6', '650F708A-7C35-AF46-52C4-2C2A819861F2', '连泳怡', 'http://php2.com:200/img/default_head.png', null, '1', '管理员', '2018-11-02 11:38:18');
INSERT INTO `he_teamuser` VALUES ('BA49F3E3-E3A1-C08C-8EFA-03C5ABCFB614', '47A5C40D-DC6C-D15C-97A3-AC6EAD0FF17C', '41088F51-5590-CEBF-E5E9-65311B88078A', '廖志伟4号', 'http://php2.com:200/img/default_head.png', null, '1', '超级管理员', '2018-11-02 11:38:19');
INSERT INTO `he_teamuser` VALUES ('C1E5CEAC-9657-30E0-EA4F-70EA9E5485E0', 'ADD58453-6F72-DEE0-8FA6-43AEDBFBD8B6', 'CC79CB62-A1EC-745E-5896-99B41C4CD658', '我是廖志伟', 'http://php2.com:200/img/default_head.png', null, '1', '成员', '2018-11-02 11:38:20');
INSERT INTO `he_teamuser` VALUES ('E0227980-3BBD-5767-C611-C53CBD29CDA5', 'ADD58453-6F72-DEE0-8FA6-43AEDBFBD8B6', '791DD9ED-E760-68F4-66CB-D6ADE5BC80D7', '廖志伟6号', 'http://php2.com:200/img/default_head.png', null, '1', '成员', '2018-11-02 11:38:21');
INSERT INTO `he_teamuser` VALUES ('EA62A112-B816-E717-BBD0-B09B36F40B0B', 'ADD58453-6F72-DEE0-8FA6-43AEDBFBD8B6', 'C4BEF830-47FD-AD69-E131-5440B81199A2', '廖志伟', 'http://php2.com:200/img/default_head.png', null, '1', '超级管理员', '2018-11-02 11:38:22');

-- ----------------------------
-- Table structure for he_user
-- ----------------------------
DROP TABLE IF EXISTS `he_user`;
CREATE TABLE `he_user` (
  `UserId` varchar(36) NOT NULL COMMENT '用户标志码，用户id',
  `UserName` varchar(255) DEFAULT NULL COMMENT '用户名',
  `UserHead` varchar(255) DEFAULT NULL COMMENT '用户的头像地址',
  `UserAccount` varchar(255) DEFAULT NULL COMMENT '用户登录账号',
  `UserPassWord` varchar(255) DEFAULT NULL COMMENT '用户登录的密码',
  `UserPhone` varchar(255) DEFAULT NULL COMMENT '用户账号绑定的手机号码',
  `UserEmail` varchar(255) DEFAULT NULL COMMENT '用户绑定的邮箱',
  `TeamId` varchar(36) DEFAULT NULL COMMENT '团队id',
  `UserTime` datetime DEFAULT NULL ON UPDATE CURRENT_TIMESTAMP COMMENT '用户创建时间',
  `UserDiction` int(10) DEFAULT NULL COMMENT '用户权限 0 普通成员 1 管理员  2 超级管理员 ',
  PRIMARY KEY (`UserId`)
) ENGINE=InnoDB DEFAULT CHARSET=utf8;

-- ----------------------------
-- Records of he_user
-- ----------------------------
INSERT INTO `he_user` VALUES ('1589E0EF-F963-F2B2-4640-F0343A62C0C0', '廖志伟2号', 'http://php2.com:200/img/default_head.png', null, '321321', null, '132@qq.com', 'ADD58453-6F72-DEE0-8FA6-43AEDBFBD8B6', '2018-10-23 21:35:39', '0');
INSERT INTO `he_user` VALUES ('41088F51-5590-CEBF-E5E9-65311B88078A', '廖志伟4号', 'http://php2.com:200/img/default_head.png', null, '4297f44b13955235245b2497399d7a93', null, '4620625@qq.com', '47A5C40D-DC6C-D15C-97A3-AC6EAD0FF17C', '2018-10-30 11:24:10', null);
INSERT INTO `he_user` VALUES ('650F708A-7C35-AF46-52C4-2C2A819861F2', '连泳怡', 'http://php2.com:200/img/userhead/TB2s8ABiwKTBuNkSne1XXaJoXXa_!!2843126524.jpg', null, '4297f44b13955235245b2497399d7a93', null, '111@qq.com', 'ADD58453-6F72-DEE0-8FA6-43AEDBFBD8B6', '2018-11-09 09:49:07', '0');
INSERT INTO `he_user` VALUES ('791DD9ED-E760-68F4-66CB-D6ADE5BC80D7', '廖志伟6号', 'http://php2.com:200/img/default_head.png', null, '4297f44b13955235245b2497399d7a93', null, '456@qq.com', 'ADD58453-6F72-DEE0-8FA6-43AEDBFBD8B6', '2018-10-23 21:35:59', '1');
INSERT INTO `he_user` VALUES ('9C4A7A72-FF80-06DC-C80E-C690B45C1DEB', '廖志伟7号', 'http://php2.com:200/img/default_head.png', null, '4297f44b13955235245b2497399d7a93', null, '111111@qq.com', 'ADD58453-6F72-DEE0-8FA6-43AEDBFBD8B6', '2018-10-23 21:36:02', null);
INSERT INTO `he_user` VALUES ('BBFEC6E2-19F9-4F1E-E431-647A39C6EABA', '廖志伟8号', 'http://php2.com:200/img/default_head.png', null, '4297f44b13955235245b2497399d7a93', null, '1832083@qq.com', 'E33906C6-A188-C01A-ADB0-FF1AD5C40C75', '2018-10-23 21:36:06', null);
INSERT INTO `he_user` VALUES ('C4BEF830-47FD-AD69-E131-5440B81199A2', '廖志伟', 'http://php2.com:200/img/userhead/456.jpg', '', '4297f44b13955235245b2497399d7a93', null, '46206253@qq.com', 'ADD58453-6F72-DEE0-8FA6-43AEDBFBD8B6', '2018-11-09 10:06:16', '2');

-- ----------------------------
-- Table structure for he_user_code
-- ----------------------------
DROP TABLE IF EXISTS `he_user_code`;
CREATE TABLE `he_user_code` (
  `Id` varchar(36) DEFAULT NULL COMMENT '唯一id',
  `Account` varchar(50) DEFAULT NULL COMMENT '账号',
  `AccountType` enum('1','2') DEFAULT NULL COMMENT '账户类型 1邮箱 2手机号',
  `VerificationType` enum('1','2') DEFAULT NULL COMMENT '验证类型 1是注册 2是找回密码',
  `VerificationCode` varchar(50) DEFAULT NULL COMMENT '验证码',
  `CodeAddTime` datetime DEFAULT NULL COMMENT '加入时间'
) ENGINE=InnoDB DEFAULT CHARSET=utf8;

-- ----------------------------
-- Records of he_user_code
-- ----------------------------

-- ----------------------------
-- Procedure structure for Login
-- ----------------------------
DROP PROCEDURE IF EXISTS `Login`;
DELIMITER ;;
CREATE DEFINER=`root`@`%` PROCEDURE `Login`(un varchar(255))
BEGIN
	#Routine body goes here...
	select UserId,UserPassWord FROM he_user WHERE UserName = un;
END
;;
DELIMITER ;

-- ----------------------------
-- Procedure structure for Register
-- ----------------------------
DROP PROCEDURE IF EXISTS `Register`;
DELIMITER ;;
CREATE DEFINER=`root`@`%` PROCEDURE `Register`(un varchar(255),up varchar(255))
BEGIN
	#Routine body goes here...
	declare num int;
	SELECT Count(UserId) INTO num FROM he_user WHERE UserName = un;
	IF num = 1 THEN
		SELECT 0 as mode;
	ELSE
		SET @uid = uuid();
		INSERT INTO he_user(UserId,UserName,UserPassWord,UserTime) VALUES(@uid,un,up,NOW());
		SELECT UserId, 1 as mode FROM he_user WHERE UserId = @uid;		
	END IF;	
END
;;
DELIMITER ;

-- ----------------------------
-- Procedure structure for test
-- ----------------------------
DROP PROCEDURE IF EXISTS `test`;
DELIMITER ;;
CREATE DEFINER=`root`@`%` PROCEDURE `test`()
BEGIN
	#Routine body goes here...
	#SELECT * FROM he_user WHERE UserId = uid;
	SELECT 1;
END
;;
DELIMITER ;
